round,client_id,num_test_samples,global_acc,personalized_acc,global_macro_f1,personalized_macro_f1,gamma_mean,correction_ratio,seed,method_label
0,0,207,55.55555555555556,85.02415458937197,47.62907529875856,84.66285907075381,0.04998779296875,0.0347020954347259,2,"custom(dynamic_gate=True, freeze_anchor=False, alignment=mse)"
0,1,277,57.03971119133574,87.36462093862816,45.67027396053403,80.42041428582229,0.04998779296875,0.0347020954347259,2,"custom(dynamic_gate=True, freeze_anchor=False, alignment=mse)"
0,2,404,43.56435643564357,73.26732673267327,41.15916921068097,71.29197637229217,0.04998779296875,0.0347020954347259,2,"custom(dynamic_gate=True, freeze_anchor=False, alignment=mse)"
0,3,468,45.51282051282051,71.7948717948718,38.47346693307284,70.00451321432043,0.04998779296875,0.0347020954347259,2,"custom(dynamic_gate=True, freeze_anchor=False, alignment=mse)"
0,4,426,56.57276995305164,92.25352112676056,50.41009815942711,92.39085681915988,0.04998779296875,0.0347020954347259,2,"custom(dynamic_gate=True, freeze_anchor=False, alignment=mse)"
0,5,461,62.906724511930584,95.22776572668113,51.57134355205495,93.55585167943028,0.04998779296875,0.0347020954347259,2,"custom(dynamic_gate=True, freeze_anchor=False, alignment=mse)"
0,6,410,54.390243902439025,90.2439024390244,49.04656667553287,89.84447411526688,0.04998779296875,0.0347020954347259,2,"custom(dynamic_gate=True, freeze_anchor=False, alignment=mse)"
0,7,460,61.95652173913044,92.6086956521739,51.95320060067154,88.93979887244257,0.04998779296875,0.0347020954347259,2,"custom(dynamic_gate=True, freeze_anchor=False, alignment=mse)"
1,0,207,55.55555555555556,85.5072463768116,47.71149288117614,84.11736096720617,0.049987120949542586,0.03271293392105733,2,"custom(dynamic_gate=True, freeze_anchor=False, alignment=mse)"
1,1,277,57.03971119133574,90.25270758122744,45.58419337445344,79.4622035877288,0.049987120949542586,0.03271293392105733,2,"custom(dynamic_gate=True, freeze_anchor=False, alignment=mse)"
1,2,404,43.56435643564357,75.4950495049505,41.11625842934716,74.22125155224252,0.049987120949542586,0.03271293392105733,2,"custom(dynamic_gate=True, freeze_anchor=False, alignment=mse)"
1,3,468,45.51282051282051,74.35897435897436,38.56777367280894,71.34064523602999,0.049987120949542586,0.03271293392105733,2,"custom(dynamic_gate=True, freeze_anchor=False, alignment=mse)"
1,4,426,56.33802816901409,93.1924882629108,50.299905321961546,93.20363195096121,0.049987120949542586,0.03271293392105733,2,"custom(dynamic_gate=True, freeze_anchor=False, alignment=mse)"
1,5,461,63.1236442516269,94.7939262472885,51.866027500585055,94.42789868744079,0.049987120949542586,0.03271293392105733,2,"custom(dynamic_gate=True, freeze_anchor=False, alignment=mse)"
1,6,410,54.390243902439025,90.97560975609755,49.22610643402,90.2567264417517,0.049987120949542586,0.03271293392105733,2,"custom(dynamic_gate=True, freeze_anchor=False, alignment=mse)"
1,7,460,61.73913043478261,93.69565217391305,51.83133261084366,89.62683152010304,0.049987120949542586,0.03271293392105733,2,"custom(dynamic_gate=True, freeze_anchor=False, alignment=mse)"
2,0,207,55.55555555555556,86.47342995169082,47.71149288117614,86.61841254720511,0.0499834446091726,0.03243356381924196,2,"custom(dynamic_gate=True, freeze_anchor=False, alignment=mse)"
2,1,277,57.40072202166065,89.89169675090253,45.80064359090366,82.57583689490262,0.0499834446091726,0.03243356381924196,2,"custom(dynamic_gate=True, freeze_anchor=False, alignment=mse)"
2,2,404,43.56435643564357,76.98019801980197,41.17125358269179,74.0815136429451,0.0499834446091726,0.03243356381924196,2,"custom(dynamic_gate=True, freeze_anchor=False, alignment=mse)"
2,3,468,45.2991452991453,74.57264957264957,38.26817089633375,72.05393798276125,0.0499834446091726,0.03243356381924196,2,"custom(dynamic_gate=True, freeze_anchor=False, alignment=mse)"
2,4,426,56.33802816901409,93.1924882629108,50.56719349279986,92.69075471152709,0.0499834446091726,0.03243356381924196,2,"custom(dynamic_gate=True, freeze_anchor=False, alignment=mse)"
2,5,461,62.689804772234275,95.44468546637744,51.558250349073184,94.16062378806045,0.0499834446091726,0.03243356381924196,2,"custom(dynamic_gate=True, freeze_anchor=False, alignment=mse)"
2,6,410,53.90243902439025,90.48780487804878,47.93934216072975,89.36207742306176,0.0499834446091726,0.03243356381924196,2,"custom(dynamic_gate=True, freeze_anchor=False, alignment=mse)"
2,7,460,61.52173913043478,93.91304347826087,51.67123231651086,86.55454693608398,0.0499834446091726,0.03243356381924196,2,"custom(dynamic_gate=True, freeze_anchor=False, alignment=mse)"
3,0,207,55.55555555555556,85.5072463768116,47.70363717479102,84.31521866506385,0.0499834446091726,0.032140872605299395,2,"custom(dynamic_gate=True, freeze_anchor=False, alignment=mse)"
3,1,277,57.03971119133574,91.33574007220217,45.58419337445344,80.46467275721477,0.0499834446091726,0.032140872605299395,2,"custom(dynamic_gate=True, freeze_anchor=False, alignment=mse)"
3,2,404,43.81188118811881,76.23762376237623,41.75804650991025,73.75470821564785,0.0499834446091726,0.032140872605299395,2,"custom(dynamic_gate=True, freeze_anchor=False, alignment=mse)"
3,3,468,45.51282051282051,75.42735042735043,38.38497401632508,73.1962611024071,0.0499834446091726,0.032140872605299395,2,"custom(dynamic_gate=True, freeze_anchor=False, alignment=mse)"
3,4,426,56.57276995305164,94.83568075117371,50.69958833282479,94.0238485155885,0.0499834446091726,0.032140872605299395,2,"custom(dynamic_gate=True, freeze_anchor=False, alignment=mse)"
3,5,461,63.1236442516269,96.74620390455532,51.65466017480126,95.52128415748533,0.0499834446091726,0.032140872605299395,2,"custom(dynamic_gate=True, freeze_anchor=False, alignment=mse)"
3,6,410,54.390243902439025,90.2439024390244,48.95953375677275,89.57678510660777,0.0499834446091726,0.032140872605299395,2,"custom(dynamic_gate=True, freeze_anchor=False, alignment=mse)"
3,7,460,61.73913043478261,93.91304347826087,51.73955254569825,88.29975633511664,0.0499834446091726,0.032140872605299395,2,"custom(dynamic_gate=True, freeze_anchor=False, alignment=mse)"
4,0,207,55.55555555555556,86.95652173913044,47.3831243542782,85.68162124187366,0.0499834446091726,0.031875950959873015,2,"custom(dynamic_gate=True, freeze_anchor=False, alignment=mse)"
4,1,277,57.03971119133574,90.97472924187726,45.716289623852646,83.49265667805584,0.0499834446091726,0.031875950959873015,2,"custom(dynamic_gate=True, freeze_anchor=False, alignment=mse)"
4,2,404,43.56435643564357,77.47524752475248,41.16547650190964,75.11257409766272,0.0499834446091726,0.031875950959873015,2,"custom(dynamic_gate=True, freeze_anchor=False, alignment=mse)"
4,3,468,45.2991452991453,75.0,38.04344272602427,71.08316295020374,0.0499834446091726,0.031875950959873015,2,"custom(dynamic_gate=True, freeze_anchor=False, alignment=mse)"
4,4,426,56.8075117370892,93.1924882629108,51.33750497720826,93.37736777717073,0.0499834446091726,0.031875950959873015,2,"custom(dynamic_gate=True, freeze_anchor=False, alignment=mse)"
4,5,461,63.1236442516269,95.44468546637744,51.92686242931296,93.10792489559174,0.0499834446091726,0.031875950959873015,2,"custom(dynamic_gate=True, freeze_anchor=False, alignment=mse)"
4,6,410,54.63414634146341,91.46341463414635,49.55457689716538,91.44878399567527,0.0499834446091726,0.031875950959873015,2,"custom(dynamic_gate=True, freeze_anchor=False, alignment=mse)"
4,7,460,61.52173913043478,94.34782608695652,51.68454870737297,90.38452457713251,0.0499834446091726,0.031875950959873015,2,"custom(dynamic_gate=True, freeze_anchor=False, alignment=mse)"
5,0,207,55.55555555555556,86.95652173913044,47.903800573483835,85.35337448069644,0.0499834446091726,0.031649223919668346,2,"custom(dynamic_gate=True, freeze_anchor=False, alignment=mse)"
5,1,277,57.03971119133574,91.69675090252707,45.58419337445344,82.38976364377183,0.0499834446091726,0.031649223919668346,2,"custom(dynamic_gate=True, freeze_anchor=False, alignment=mse)"
5,2,404,43.56435643564357,78.7128712871287,41.2141643640256,76.11512428047229,0.0499834446091726,0.031649223919668346,2,"custom(dynamic_gate=True, freeze_anchor=False, alignment=mse)"
5,3,468,45.51282051282051,75.64102564102564,38.404324386552645,71.64125832268815,0.0499834446091726,0.031649223919668346,2,"custom(dynamic_gate=True, freeze_anchor=False, alignment=mse)"
5,4,426,56.8075117370892,94.60093896713614,50.7800476543766,93.90766615524628,0.0499834446091726,0.031649223919668346,2,"custom(dynamic_gate=True, freeze_anchor=False, alignment=mse)"
5,5,461,62.906724511930584,95.66160520607376,51.505762289061266,93.12165780836065,0.0499834446091726,0.031649223919668346,2,"custom(dynamic_gate=True, freeze_anchor=False, alignment=mse)"
5,6,410,54.390243902439025,91.70731707317073,48.35173003642379,91.48891545055938,0.0499834446091726,0.031649223919668346,2,"custom(dynamic_gate=True, freeze_anchor=False, alignment=mse)"
5,7,460,61.73913043478261,93.69565217391305,51.73955254569825,87.37397803050895,0.0499834446091726,0.031649223919668346,2,"custom(dynamic_gate=True, freeze_anchor=False, alignment=mse)"
6,0,207,55.55555555555556,88.40579710144928,47.30856247824573,87.73230936722243,0.0499834446091726,0.031398229773875345,2,"custom(dynamic_gate=True, freeze_anchor=False, alignment=mse)"
6,1,277,57.03971119133574,90.97472924187726,45.58419337445344,80.33815740748514,0.0499834446091726,0.031398229773875345,2,"custom(dynamic_gate=True, freeze_anchor=False, alignment=mse)"
6,2,404,43.81188118811881,76.73267326732673,41.620332656825646,75.19820853586425,0.0499834446091726,0.031398229773875345,2,"custom(dynamic_gate=True, freeze_anchor=False, alignment=mse)"
6,3,468,45.51282051282051,73.5042735042735,38.248162767135355,69.80450454536363,0.0499834446091726,0.031398229773875345,2,"custom(dynamic_gate=True, freeze_anchor=False, alignment=mse)"
6,4,426,56.8075117370892,94.13145539906104,50.7800476543766,93.21186302436072,0.0499834446091726,0.031398229773875345,2,"custom(dynamic_gate=True, freeze_anchor=False, alignment=mse)"
6,5,461,62.689804772234275,95.66160520607376,51.41209954155236,93.1940092126125,0.0499834446091726,0.031398229773875345,2,"custom(dynamic_gate=True, freeze_anchor=False, alignment=mse)"
6,6,410,54.63414634146341,91.21951219512195,48.769440980450526,91.26212283888448,0.0499834446091726,0.031398229773875345,2,"custom(dynamic_gate=True, freeze_anchor=False, alignment=mse)"
6,7,460,61.95652173913044,93.04347826086956,51.90582891604751,87.08710886932803,0.0499834446091726,0.031398229773875345,2,"custom(dynamic_gate=True, freeze_anchor=False, alignment=mse)"
7,0,207,55.55555555555556,88.88888888888889,47.62121959237344,88.08597813435273,0.04998357802475055,0.03114209708714269,2,"custom(dynamic_gate=True, freeze_anchor=False, alignment=mse)"
7,1,277,57.03971119133574,90.61371841155234,45.412822406711506,81.56906964417469,0.04998357802475055,0.03114209708714269,2,"custom(dynamic_gate=True, freeze_anchor=False, alignment=mse)"
7,2,404,43.81188118811881,79.45544554455445,41.74490091112127,77.4254846732642,0.04998357802475055,0.03114209708714269,2,"custom(dynamic_gate=True, freeze_anchor=False, alignment=mse)"
7,3,468,45.2991452991453,75.0,38.13276203294031,70.5050029598987,0.04998357802475055,0.03114209708714269,2,"custom(dynamic_gate=True, freeze_anchor=False, alignment=mse)"
7,4,426,57.04225352112676,94.36619718309859,51.03469416646435,93.78882158114038,0.04998357802475055,0.03114209708714269,2,"custom(dynamic_gate=True, freeze_anchor=False, alignment=mse)"
7,5,461,63.34056399132321,95.44468546637744,51.84162538350559,92.90680013122676,0.04998357802475055,0.03114209708714269,2,"custom(dynamic_gate=True, freeze_anchor=False, alignment=mse)"
7,6,410,54.146341463414636,91.95121951219512,48.26454626502949,91.82151591958466,0.04998357802475055,0.03114209708714269,2,"custom(dynamic_gate=True, freeze_anchor=False, alignment=mse)"
7,7,460,61.73913043478261,94.56521739130434,51.79182999926644,88.41852633303556,0.04998357802475055,0.03114209708714269,2,"custom(dynamic_gate=True, freeze_anchor=False, alignment=mse)"
8,0,207,55.55555555555556,88.40579710144928,47.3831243542782,87.42705906197213,0.049985663260820615,0.03090136117480425,2,"custom(dynamic_gate=True, freeze_anchor=False, alignment=mse)"
8,1,277,57.03971119133574,89.89169675090253,45.412822406711506,78.91522197457073,0.049985663260820615,0.03090136117480425,2,"custom(dynamic_gate=True, freeze_anchor=False, alignment=mse)"
8,2,404,43.56435643564357,78.7128712871287,41.20707216544404,76.72795014818857,0.049985663260820615,0.03090136117480425,2,"custom(dynamic_gate=True, freeze_anchor=False, alignment=mse)"
8,3,468,45.2991452991453,77.35042735042735,38.01285572128027,72.89172122632979,0.049985663260820615,0.03090136117480425,2,"custom(dynamic_gate=True, freeze_anchor=False, alignment=mse)"
8,4,426,56.33802816901409,94.60093896713614,50.30743683531593,94.28266216027322,0.049985663260820615,0.03090136117480425,2,"custom(dynamic_gate=True, freeze_anchor=False, alignment=mse)"
8,5,461,62.689804772234275,95.22776572668113,51.29790010293821,91.09208826357373,0.049985663260820615,0.03090136117480425,2,"custom(dynamic_gate=True, freeze_anchor=False, alignment=mse)"
8,6,410,54.146341463414636,92.6829268292683,48.437319129294956,93.55788340995672,0.049985663260820615,0.03090136117480425,2,"custom(dynamic_gate=True, freeze_anchor=False, alignment=mse)"
8,7,460,61.73913043478261,95.0,51.80766056818974,88.86932856662467,0.049985663260820615,0.03090136117480425,2,"custom(dynamic_gate=True, freeze_anchor=False, alignment=mse)"
9,0,207,55.55555555555556,86.95652173913044,47.62907529875856,85.84562767284842,0.04998779296875,0.030656590218139435,2,"custom(dynamic_gate=True, freeze_anchor=False, alignment=mse)"
9,1,277,57.03971119133574,90.97472924187726,45.412822406711506,79.14777099651049,0.04998779296875,0.030656590218139435,2,"custom(dynamic_gate=True, freeze_anchor=False, alignment=mse)"
9,2,404,43.81188118811881,80.44554455445545,41.442563411185525,78.01775441790252,0.04998779296875,0.030656590218139435,2,"custom(dynamic_gate=True, freeze_anchor=False, alignment=mse)"
9,3,468,45.72649572649573,76.06837606837607,38.73490259305204,71.86951787703345,0.04998779296875,0.030656590218139435,2,"custom(dynamic_gate=True, freeze_anchor=False, alignment=mse)"
9,4,426,56.8075117370892,95.07042253521126,51.262993629969635,94.41082594341934,0.04998779296875,0.030656590218139435,2,"custom(dynamic_gate=True, freeze_anchor=False, alignment=mse)"
9,5,461,62.906724511930584,95.66160520607376,51.65417630536826,91.83942341980126,0.04998779296875,0.030656590218139435,2,"custom(dynamic_gate=True, freeze_anchor=False, alignment=mse)"
9,6,410,53.90243902439025,92.4390243902439,48.001633738959065,92.45711183231109,0.04998779296875,0.030656590218139435,2,"custom(dynamic_gate=True, freeze_anchor=False, alignment=mse)"
9,7,460,61.95652173913044,93.47826086956522,51.895473264255685,86.92468317395148,0.04998779296875,0.030656590218139435,2,"custom(dynamic_gate=True, freeze_anchor=False, alignment=mse)"
10,0,207,55.072463768115945,88.88888888888889,47.18951485919813,86.83442202792047,0.04998779296875,0.030429066187784154,2,"custom(dynamic_gate=True, freeze_anchor=False, alignment=mse)"
10,1,277,57.03971119133574,89.16967509025271,45.412822406711506,77.66030130000718,0.04998779296875,0.030429066187784154,2,"custom(dynamic_gate=True, freeze_anchor=False, alignment=mse)"
10,2,404,43.56435643564357,79.45544554455445,41.2036194186508,77.11149754101656,0.04998779296875,0.030429066187784154,2,"custom(dynamic_gate=True, freeze_anchor=False, alignment=mse)"
10,3,468,45.72649572649573,76.28205128205128,38.46094894071822,71.91247758780351,0.04998779296875,0.030429066187784154,2,"custom(dynamic_gate=True, freeze_anchor=False, alignment=mse)"
10,4,426,56.8075117370892,94.83568075117371,50.84855898168331,94.30101492071779,0.04998779296875,0.030429066187784154,2,"custom(dynamic_gate=True, freeze_anchor=False, alignment=mse)"
10,5,461,62.689804772234275,96.31236442516268,51.25937928653032,93.81447560328351,0.04998779296875,0.030429066187784154,2,"custom(dynamic_gate=True, freeze_anchor=False, alignment=mse)"
10,6,410,54.390243902439025,91.95121951219512,48.89557926138756,91.68811890524809,0.04998779296875,0.030429066187784154,2,"custom(dynamic_gate=True, freeze_anchor=False, alignment=mse)"
10,7,460,61.95652173913044,95.21739130434783,51.88215687339358,89.54633663729378,0.04998779296875,0.030429066187784154,2,"custom(dynamic_gate=True, freeze_anchor=False, alignment=mse)"
11,0,207,55.55555555555556,88.88888888888889,47.390980060663324,87.83714043359197,0.04998698259264694,0.030219212787254795,2,"custom(dynamic_gate=True, freeze_anchor=False, alignment=mse)"
11,1,277,57.03971119133574,89.89169675090253,45.412822406711506,79.44501489406952,0.04998698259264694,0.030219212787254795,2,"custom(dynamic_gate=True, freeze_anchor=False, alignment=mse)"
11,2,404,43.56435643564357,79.45544554455445,41.20785707279694,77.81160545384067,0.04998698259264694,0.030219212787254795,2,"custom(dynamic_gate=True, freeze_anchor=False, alignment=mse)"
11,3,468,45.51282051282051,76.06837606837607,38.077989151501306,70.02505108012129,0.04998698259264694,0.030219212787254795,2,"custom(dynamic_gate=True, freeze_anchor=False, alignment=mse)"
11,4,426,56.57276995305164,95.30516431924883,50.478609486733816,95.44953356637907,0.04998698259264694,0.030219212787254795,2,"custom(dynamic_gate=True, freeze_anchor=False, alignment=mse)"
11,5,461,62.689804772234275,96.529284164859,51.251461034760005,94.01049602328582,0.04998698259264694,0.030219212787254795,2,"custom(dynamic_gate=True, freeze_anchor=False, alignment=mse)"
11,6,410,54.146341463414636,93.41463414634147,48.17751334626937,93.6898506609844,0.04998698259264694,0.030219212787254795,2,"custom(dynamic_gate=True, freeze_anchor=False, alignment=mse)"
11,7,460,61.73913043478261,94.78260869565217,51.79182999926644,87.37727243152253,0.04998698259264694,0.030219212787254795,2,"custom(dynamic_gate=True, freeze_anchor=False, alignment=mse)"
12,0,207,55.55555555555556,88.40579710144928,47.71156762316812,87.03446020783481,0.04998779296875,0.03000247049980213,2,"custom(dynamic_gate=True, freeze_anchor=False, alignment=mse)"
12,1,277,57.03971119133574,87.72563176895306,45.58419337445344,76.80486267933748,0.04998779296875,0.03000247049980213,2,"custom(dynamic_gate=True, freeze_anchor=False, alignment=mse)"
12,2,404,43.81188118811881,77.97029702970298,41.397582186884044,76.11258337033976,0.04998779296875,0.03000247049980213,2,"custom(dynamic_gate=True, freeze_anchor=False, alignment=mse)"
12,3,468,45.2991452991453,77.99145299145299,38.09186896564585,73.68049700193275,0.04998779296875,0.03000247049980213,2,"custom(dynamic_gate=True, freeze_anchor=False, alignment=mse)"
12,4,426,57.04225352112676,95.77464788732394,51.041396447248054,95.647719934942,0.04998779296875,0.03000247049980213,2,"custom(dynamic_gate=True, freeze_anchor=False, alignment=mse)"
12,5,461,62.47288503253796,95.87852494577007,51.17128261595161,93.32320469095995,0.04998779296875,0.03000247049980213,2,"custom(dynamic_gate=True, freeze_anchor=False, alignment=mse)"
12,6,410,54.146341463414636,92.6829268292683,48.26454626502949,92.93236485537638,0.04998779296875,0.03000247049980213,2,"custom(dynamic_gate=True, freeze_anchor=False, alignment=mse)"
12,7,460,61.95652173913044,93.91304347826087,51.895473264255685,87.69436119925278,0.04998779296875,0.03000247049980213,2,"custom(dynamic_gate=True, freeze_anchor=False, alignment=mse)"
13,0,207,55.55555555555556,86.95652173913044,47.71149288117614,84.2987073985526,0.04998779296875,0.029787831379998225,2,"custom(dynamic_gate=True, freeze_anchor=False, alignment=mse)"
13,1,277,57.03971119133574,90.25270758122744,45.412822406711506,79.71539115584892,0.04998779296875,0.029787831379998225,2,"custom(dynamic_gate=True, freeze_anchor=False, alignment=mse)"
13,2,404,43.56435643564357,79.70297029702971,41.24653019998462,77.23113055421902,0.04998779296875,0.029787831379998225,2,"custom(dynamic_gate=True, freeze_anchor=False, alignment=mse)"
13,3,468,45.2991452991453,75.85470085470085,38.06745596104155,71.54131944070492,0.04998779296875,0.029787831379998225,2,"custom(dynamic_gate=True, freeze_anchor=False, alignment=mse)"
13,4,426,56.33802816901409,95.07042253521126,50.299905321961546,94.98345259790577,0.04998779296875,0.029787831379998225,2,"custom(dynamic_gate=True, freeze_anchor=False, alignment=mse)"
13,5,461,62.47288503253796,95.87852494577007,51.2075082420658,91.96693516968,0.04998779296875,0.029787831379998225,2,"custom(dynamic_gate=True, freeze_anchor=False, alignment=mse)"
13,6,410,53.90243902439025,92.4390243902439,48.01960818526823,92.88480203556965,0.04998779296875,0.029787831379998225,2,"custom(dynamic_gate=True, freeze_anchor=False, alignment=mse)"
13,7,460,61.73913043478261,94.1304347826087,51.73955254569825,87.77178629339082,0.04998779296875,0.029787831379998225,2,"custom(dynamic_gate=True, freeze_anchor=False, alignment=mse)"
14,0,207,55.55555555555556,87.43961352657004,47.390980060663324,86.11120046104566,0.04998779296875,0.02958234327657081,2,"custom(dynamic_gate=True, freeze_anchor=False, alignment=mse)"
14,1,277,57.03971119133574,90.25270758122744,45.49890299279209,80.49649988200407,0.04998779296875,0.02958234327657081,2,"custom(dynamic_gate=True, freeze_anchor=False, alignment=mse)"
14,2,404,43.56435643564357,78.7128712871287,41.2497066273526,77.06800192639078,0.04998779296875,0.02958234327657081,2,"custom(dynamic_gate=True, freeze_anchor=False, alignment=mse)"
14,3,468,45.72649572649573,75.64102564102564,38.58531813681439,71.60937632458506,0.04998779296875,0.02958234327657081,2,"custom(dynamic_gate=True, freeze_anchor=False, alignment=mse)"
14,4,426,56.8075117370892,95.30516431924883,50.80457071188859,94.73281070766355,0.04998779296875,0.02958234327657081,2,"custom(dynamic_gate=True, freeze_anchor=False, alignment=mse)"
14,5,461,62.689804772234275,95.22776572668113,51.251461034760005,92.82139417745566,0.04998779296875,0.02958234327657081,2,"custom(dynamic_gate=True, freeze_anchor=False, alignment=mse)"
14,6,410,54.390243902439025,92.1951219512195,48.95953375677275,91.92236145036692,0.04998779296875,0.02958234327657081,2,"custom(dynamic_gate=True, freeze_anchor=False, alignment=mse)"
14,7,460,61.52173913043478,95.21739130434783,51.61644068488148,88.89295624171349,0.04998779296875,0.02958234327657081,2,"custom(dynamic_gate=True, freeze_anchor=False, alignment=mse)"
15,0,207,55.55555555555556,87.92270531400966,47.62907529875856,86.0647508699128,0.04998779296875,0.029347891205140038,2,"custom(dynamic_gate=True, freeze_anchor=False, alignment=mse)"
15,1,277,57.03971119133574,89.89169675090253,45.412822406711506,79.53405400621787,0.04998779296875,0.029347891205140038,2,"custom(dynamic_gate=True, freeze_anchor=False, alignment=mse)"
15,2,404,43.56435643564357,77.22772277227723,41.13481588176215,74.54395931933642,0.04998779296875,0.029347891205140038,2,"custom(dynamic_gate=True, freeze_anchor=False, alignment=mse)"
15,3,468,45.51282051282051,78.41880341880342,38.46353835554105,73.9788464149049,0.04998779296875,0.029347891205140038,2,"custom(dynamic_gate=True, freeze_anchor=False, alignment=mse)"
15,4,426,56.8075117370892,95.77464788732394,50.7800476543766,95.72843151428916,0.04998779296875,0.029347891205140038,2,"custom(dynamic_gate=True, freeze_anchor=False, alignment=mse)"
15,5,461,62.906724511930584,96.09544468546638,51.505762289061266,93.49075324975591,0.04998779296875,0.029347891205140038,2,"custom(dynamic_gate=True, freeze_anchor=False, alignment=mse)"
15,6,410,54.146341463414636,93.90243902439025,48.72136257123314,92.18610818798676,0.04998779296875,0.029347891205140038,2,"custom(dynamic_gate=True, freeze_anchor=False, alignment=mse)"
15,7,460,61.73913043478261,93.47826086956522,51.81161486102741,87.00876632200638,0.04998779296875,0.029347891205140038,2,"custom(dynamic_gate=True, freeze_anchor=False, alignment=mse)"
16,0,207,55.55555555555556,89.3719806763285,47.30856247824573,88.27316431418599,0.04998779296875,0.029134556501524744,2,"custom(dynamic_gate=True, freeze_anchor=False, alignment=mse)"
16,1,277,57.03971119133574,90.25270758122744,45.67027396053403,80.76729734956183,0.04998779296875,0.029134556501524744,2,"custom(dynamic_gate=True, freeze_anchor=False, alignment=mse)"
16,2,404,43.81188118811881,80.94059405940594,41.442563411185525,78.27918979220495,0.04998779296875,0.029134556501524744,2,"custom(dynamic_gate=True, freeze_anchor=False, alignment=mse)"
16,3,468,45.2991452991453,76.4957264957265,38.14221491793503,72.8397988424108,0.04998779296875,0.029134556501524744,2,"custom(dynamic_gate=True, freeze_anchor=False, alignment=mse)"
16,4,426,56.33802816901409,95.53990610328638,50.299905321961546,95.28310748846975,0.04998779296875,0.029134556501524744,2,"custom(dynamic_gate=True, freeze_anchor=False, alignment=mse)"
16,5,461,63.1236442516269,95.66160520607376,51.74598527677588,91.72597694759027,0.04998779296875,0.029134556501524744,2,"custom(dynamic_gate=True, freeze_anchor=False, alignment=mse)"
16,6,410,54.146341463414636,92.1951219512195,48.72136257123314,91.96665368937616,0.04998779296875,0.029134556501524744,2,"custom(dynamic_gate=True, freeze_anchor=False, alignment=mse)"
16,7,460,61.73913043478261,95.8695652173913,51.79434417732763,89.68502569914291,0.04998779296875,0.029134556501524744,2,"custom(dynamic_gate=True, freeze_anchor=False, alignment=mse)"
17,0,207,55.55555555555556,87.92270531400966,47.3831243542782,85.63806248790769,0.04998779296875,0.02894172599838342,2,"custom(dynamic_gate=True, freeze_anchor=False, alignment=mse)"
17,1,277,57.03971119133574,90.97472924187726,45.66350989126996,80.16546974267563,0.04998779296875,0.02894172599838342,2,"custom(dynamic_gate=True, freeze_anchor=False, alignment=mse)"
17,2,404,43.81188118811881,79.70297029702971,41.65331181958697,77.43203371317453,0.04998779296875,0.02894172599838342,2,"custom(dynamic_gate=True, freeze_anchor=False, alignment=mse)"
17,3,468,45.2991452991453,76.4957264957265,38.054725821539236,72.44421549387042,0.04998779296875,0.02894172599838342,2,"custom(dynamic_gate=True, freeze_anchor=False, alignment=mse)"
17,4,426,56.33802816901409,95.30516431924883,50.55834470540093,95.09848440601385,0.04998779296875,0.02894172599838342,2,"custom(dynamic_gate=True, freeze_anchor=False, alignment=mse)"
17,5,461,63.1236442516269,95.66160520607376,51.787822190627494,92.99126967921701,0.04998779296875,0.02894172599838342,2,"custom(dynamic_gate=True, freeze_anchor=False, alignment=mse)"
17,6,410,53.90243902439025,93.41463414634147,47.91460082019894,94.00860914672364,0.04998779296875,0.02894172599838342,2,"custom(dynamic_gate=True, freeze_anchor=False, alignment=mse)"
17,7,460,61.52173913043478,94.56521739130434,51.68454870737297,88.4779505985677,0.04998779296875,0.02894172599838342,2,"custom(dynamic_gate=True, freeze_anchor=False, alignment=mse)"
18,0,207,55.072463768115945,88.88888888888889,47.31902179017565,87.99855644342426,0.04998779296875,0.028746006339595415,2,"custom(dynamic_gate=True, freeze_anchor=False, alignment=mse)"
18,1,277,57.03971119133574,90.97472924187726,45.412822406711506,81.79498605969194,0.04998779296875,0.028746006339595415,2,"custom(dynamic_gate=True, freeze_anchor=False, alignment=mse)"
18,2,404,43.56435643564357,79.20792079207921,41.259675798773586,76.59810856957688,0.04998779296875,0.028746006339595415,2,"custom(dynamic_gate=True, freeze_anchor=False, alignment=mse)"
18,3,468,45.2991452991453,77.77777777777777,38.17272759658624,73.3028464499617,0.04998779296875,0.028746006339595415,2,"custom(dynamic_gate=True, freeze_anchor=False, alignment=mse)"
18,4,426,56.8075117370892,94.83568075117371,50.7800476543766,94.51291622306317,0.04998779296875,0.028746006339595415,2,"custom(dynamic_gate=True, freeze_anchor=False, alignment=mse)"
18,5,461,63.1236442516269,95.87852494577007,51.701856568151484,91.98524033050111,0.04998779296875,0.028746006339595415,2,"custom(dynamic_gate=True, freeze_anchor=False, alignment=mse)"
18,6,410,54.390243902439025,92.1951219512195,48.595224290296095,92.10020153552966,0.04998779296875,0.028746006339595415,2,"custom(dynamic_gate=True, freeze_anchor=False, alignment=mse)"
18,7,460,61.73913043478261,95.65217391304348,51.752766605457836,89.67790895347053,0.04998779296875,0.028746006339595415,2,"custom(dynamic_gate=True, freeze_anchor=False, alignment=mse)"
19,0,207,55.55555555555556,86.95652173913044,47.70363717479102,82.90143668284297,0.04998779296875,0.02853776480751643,2,"custom(dynamic_gate=True, freeze_anchor=False, alignment=mse)"
19,1,277,57.03971119133574,91.69675090252707,45.412822406711506,81.84105285470832,0.04998779296875,0.02853776480751643,2,"custom(dynamic_gate=True, freeze_anchor=False, alignment=mse)"
19,2,404,43.56435643564357,79.45544554455445,41.06365479601762,77.73040686633334,0.04998779296875,0.02853776480751643,2,"custom(dynamic_gate=True, freeze_anchor=False, alignment=mse)"
19,3,468,45.2991452991453,76.7094017094017,38.07023697972045,72.20876031587737,0.04998779296875,0.02853776480751643,2,"custom(dynamic_gate=True, freeze_anchor=False, alignment=mse)"
19,4,426,56.8075117370892,95.53990610328638,50.67144695229855,95.42640021225785,0.04998779296875,0.02853776480751643,2,"custom(dynamic_gate=True, freeze_anchor=False, alignment=mse)"
19,5,461,62.906724511930584,95.87852494577007,51.58228238732049,90.08625119910002,0.04998779296875,0.02853776480751643,2,"custom(dynamic_gate=True, freeze_anchor=False, alignment=mse)"
19,6,410,54.390243902439025,93.65853658536585,49.04656667553287,93.1952922407294,0.04998779296875,0.02853776480751643,2,"custom(dynamic_gate=True, freeze_anchor=False, alignment=mse)"
19,7,460,61.73913043478261,95.21739130434783,51.776438648111764,89.80086659691999,0.04998779296875,0.02853776480751643,2,"custom(dynamic_gate=True, freeze_anchor=False, alignment=mse)"
20,0,207,55.55555555555556,87.43961352657004,47.70363717479102,86.24340356925497,0.04998779296875,0.028339681085295627,2,"custom(dynamic_gate=True, freeze_anchor=False, alignment=mse)"
20,1,277,57.03971119133574,88.4476534296029,45.412822406711506,79.21314679718041,0.04998779296875,0.028339681085295627,2,"custom(dynamic_gate=True, freeze_anchor=False, alignment=mse)"
20,2,404,43.56435643564357,80.44554455445545,41.17125358269179,78.2361124519085,0.04998779296875,0.028339681085295627,2,"custom(dynamic_gate=True, freeze_anchor=False, alignment=mse)"
20,3,468,45.2991452991453,77.13675213675214,38.09186896564585,73.1821481414083,0.04998779296875,0.028339681085295627,2,"custom(dynamic_gate=True, freeze_anchor=False, alignment=mse)"
20,4,426,56.8075117370892,95.53990610328638,51.45773360478984,95.53809158246315,0.04998779296875,0.028339681085295627,2,"custom(dynamic_gate=True, freeze_anchor=False, alignment=mse)"
20,5,461,63.1236442516269,96.31236442516268,51.77299316102722,93.60703670908482,0.04998779296875,0.028339681085295627,2,"custom(dynamic_gate=True, freeze_anchor=False, alignment=mse)"
20,6,410,54.146341463414636,92.92682926829268,48.26454626502949,93.0240513140457,0.04998779296875,0.028339681085295627,2,"custom(dynamic_gate=True, freeze_anchor=False, alignment=mse)"
20,7,460,61.73913043478261,95.0,51.80766056818974,88.73528386410328,0.04998779296875,0.028339681085295627,2,"custom(dynamic_gate=True, freeze_anchor=False, alignment=mse)"
21,0,207,55.55555555555556,87.92270531400966,47.70363717479102,86.31662726149509,0.04998506536137872,0.028149542775140216,2,"custom(dynamic_gate=True, freeze_anchor=False, alignment=mse)"
21,1,277,57.03971119133574,88.8086642599278,45.412822406711506,78.309414383469,0.04998506536137872,0.028149542775140216,2,"custom(dynamic_gate=True, freeze_anchor=False, alignment=mse)"
21,2,404,43.56435643564357,79.95049504950495,41.20707216544404,77.9280177561801,0.04998506536137872,0.028149542775140216,2,"custom(dynamic_gate=True, freeze_anchor=False, alignment=mse)"
21,3,468,45.2991452991453,75.85470085470085,38.02112025390409,71.53987114795108,0.04998506536137872,0.028149542775140216,2,"custom(dynamic_gate=True, freeze_anchor=False, alignment=mse)"
21,4,426,56.57276995305164,95.53990610328638,50.66985481691104,94.94185775093517,0.04998506536137872,0.028149542775140216,2,"custom(dynamic_gate=True, freeze_anchor=False, alignment=mse)"
21,5,461,62.906724511930584,96.529284164859,51.321625687920616,92.41490052865433,0.04998506536137872,0.028149542775140216,2,"custom(dynamic_gate=True, freeze_anchor=False, alignment=mse)"
21,6,410,54.146341463414636,93.41463414634147,48.72136257123314,93.68493070385014,0.04998506536137872,0.028149542775140216,2,"custom(dynamic_gate=True, freeze_anchor=False, alignment=mse)"
21,7,460,61.73913043478261,95.0,51.76322458835217,88.43720248410656,0.04998506536137872,0.028149542775140216,2,"custom(dynamic_gate=True, freeze_anchor=False, alignment=mse)"
22,0,207,55.55555555555556,89.3719806763285,47.70363717479102,88.4387399699081,0.04998550019733646,0.027955328259095937,2,"custom(dynamic_gate=True, freeze_anchor=False, alignment=mse)"
22,1,277,57.03971119133574,90.25270758122744,45.58419337445344,80.63752424046541,0.04998550019733646,0.027955328259095937,2,"custom(dynamic_gate=True, freeze_anchor=False, alignment=mse)"
22,2,404,43.56435643564357,79.95049504950495,41.17125358269179,78.35083339062348,0.04998550019733646,0.027955328259095937,2,"custom(dynamic_gate=True, freeze_anchor=False, alignment=mse)"
22,3,468,45.72649572649573,76.28205128205128,38.62420846608584,71.83625849698419,0.04998550019733646,0.027955328259095937,2,"custom(dynamic_gate=True, freeze_anchor=False, alignment=mse)"
22,4,426,56.57276995305164,95.77464788732394,50.66985481691104,95.82981516675638,0.04998550019733646,0.027955328259095937,2,"custom(dynamic_gate=True, freeze_anchor=False, alignment=mse)"
22,5,461,62.906724511930584,95.87852494577007,51.53954734458544,90.99430778990302,0.04998550019733646,0.027955328259095937,2,"custom(dynamic_gate=True, freeze_anchor=False, alignment=mse)"
22,6,410,54.390243902439025,92.92682926829268,48.35173003642379,93.06337327967236,0.04998550019733646,0.027955328259095937,2,"custom(dynamic_gate=True, freeze_anchor=False, alignment=mse)"
22,7,460,61.95652173913044,94.34782608695652,51.84057930152378,88.74371633779332,0.04998550019733646,0.027955328259095937,2,"custom(dynamic_gate=True, freeze_anchor=False, alignment=mse)"
23,0,207,55.55555555555556,89.85507246376811,47.71149288117614,88.71693902073159,0.0499890431221285,0.027759838168909822,2,"custom(dynamic_gate=True, freeze_anchor=False, alignment=mse)"
23,1,277,57.03971119133574,89.89169675090253,45.412822406711506,78.11791323654221,0.0499890431221285,0.027759838168909822,2,"custom(dynamic_gate=True, freeze_anchor=False, alignment=mse)"
23,2,404,43.81188118811881,81.18811881188118,41.676097374232626,79.3576099699407,0.0499890431221285,0.027759838168909822,2,"custom(dynamic_gate=True, freeze_anchor=False, alignment=mse)"
23,3,468,45.2991452991453,76.4957264957265,38.147239357607475,72.554076050156,0.0499890431221285,0.027759838168909822,2,"custom(dynamic_gate=True, freeze_anchor=False, alignment=mse)"
23,4,426,56.8075117370892,95.07042253521126,50.86269228247578,94.49449551564727,0.0499890431221285,0.027759838168909822,2,"custom(dynamic_gate=True, freeze_anchor=False, alignment=mse)"
23,5,461,62.906724511930584,96.31236442516268,51.40406294594315,91.77457262310902,0.0499890431221285,0.027759838168909822,2,"custom(dynamic_gate=True, freeze_anchor=False, alignment=mse)"
23,6,410,53.90243902439025,92.6829268292683,48.02637507948988,93.17378212188368,0.0499890431221285,0.027759838168909822,2,"custom(dynamic_gate=True, freeze_anchor=False, alignment=mse)"
23,7,460,61.73913043478261,95.43478260869566,51.80766056818974,89.30260991301743,0.0499890431221285,0.027759838168909822,2,"custom(dynamic_gate=True, freeze_anchor=False, alignment=mse)"
24,0,207,55.55555555555556,87.92270531400966,47.62907529875856,86.99169844933716,0.049990392101861035,0.027589636131001568,2,"custom(dynamic_gate=True, freeze_anchor=False, alignment=mse)"
24,1,277,57.03971119133574,92.05776173285199,45.412822406711506,84.87844700817391,0.049990392101861035,0.027589636131001568,2,"custom(dynamic_gate=True, freeze_anchor=False, alignment=mse)"
24,2,404,43.56435643564357,79.70297029702971,41.21098793665762,76.93929996227214,0.049990392101861035,0.027589636131001568,2,"custom(dynamic_gate=True, freeze_anchor=False, alignment=mse)"
24,3,468,45.2991452991453,77.13675213675214,38.1210795211722,72.42343597598075,0.049990392101861035,0.027589636131001568,2,"custom(dynamic_gate=True, freeze_anchor=False, alignment=mse)"
24,4,426,56.57276995305164,95.77464788732394,50.66985481691104,95.62522663835699,0.049990392101861035,0.027589636131001568,2,"custom(dynamic_gate=True, freeze_anchor=False, alignment=mse)"
24,5,461,62.906724511930584,96.529284164859,51.60066725696395,92.54869986154868,0.049990392101861035,0.027589636131001568,2,"custom(dynamic_gate=True, freeze_anchor=False, alignment=mse)"
24,6,410,54.146341463414636,94.14634146341463,48.26454626502949,94.89186700252155,0.049990392101861035,0.027589636131001568,2,"custom(dynamic_gate=True, freeze_anchor=False, alignment=mse)"
24,7,460,61.95652173913044,94.78260869565217,51.902898663427834,88.238123824586,0.049990392101861035,0.027589636131001568,2,"custom(dynamic_gate=True, freeze_anchor=False, alignment=mse)"
25,0,207,55.55555555555556,90.33816425120773,47.62907529875856,90.87263055142313,0.04998604868360134,0.027419672555101967,2,"custom(dynamic_gate=True, freeze_anchor=False, alignment=mse)"
25,1,277,57.03971119133574,89.16967509025271,45.412822406711506,77.47018912460089,0.04998604868360134,0.027419672555101967,2,"custom(dynamic_gate=True, freeze_anchor=False, alignment=mse)"
25,2,404,43.81188118811881,80.1980198019802,41.442563411185525,78.43188002301366,0.04998604868360134,0.027419672555101967,2,"custom(dynamic_gate=True, freeze_anchor=False, alignment=mse)"
25,3,468,45.2991452991453,77.99145299145299,38.23868823753699,74.16769129810305,0.04998604868360134,0.027419672555101967,2,"custom(dynamic_gate=True, freeze_anchor=False, alignment=mse)"
25,4,426,56.8075117370892,95.07042253521126,50.8418567008996,94.65423556566375,0.04998604868360134,0.027419672555101967,2,"custom(dynamic_gate=True, freeze_anchor=False, alignment=mse)"
25,5,461,62.906724511930584,96.31236442516268,51.59569372514655,92.00808355661995,0.04998604868360134,0.027419672555101967,2,"custom(dynamic_gate=True, freeze_anchor=False, alignment=mse)"
25,6,410,54.63414634146341,92.6829268292683,49.311063032450626,92.81404455583171,0.04998604868360134,0.027419672555101967,2,"custom(dynamic_gate=True, freeze_anchor=False, alignment=mse)"
25,7,460,61.73913043478261,95.8695652173913,51.723721976774954,90.08433623655037,0.04998604868360134,0.027419672555101967,2,"custom(dynamic_gate=True, freeze_anchor=False, alignment=mse)"
26,0,207,55.55555555555556,86.95652173913044,47.70363717479102,84.87085454964712,0.04998692823815222,0.027254618467869227,2,"custom(dynamic_gate=True, freeze_anchor=False, alignment=mse)"
26,1,277,57.03971119133574,89.53068592057761,45.412822406711506,79.48925343928998,0.04998692823815222,0.027254618467869227,2,"custom(dynamic_gate=True, freeze_anchor=False, alignment=mse)"
26,2,404,43.56435643564357,81.18811881188118,41.34072949684856,78.95148333575193,0.04998692823815222,0.027254618467869227,2,"custom(dynamic_gate=True, freeze_anchor=False, alignment=mse)"
26,3,468,45.2991452991453,77.99145299145299,38.05420640453395,73.94669522725293,0.04998692823815222,0.027254618467869227,2,"custom(dynamic_gate=True, freeze_anchor=False, alignment=mse)"
26,4,426,56.57276995305164,94.60093896713614,50.7435766026195,92.8925376677564,0.04998692823815222,0.027254618467869227,2,"custom(dynamic_gate=True, freeze_anchor=False, alignment=mse)"
26,5,461,62.906724511930584,96.31236442516268,51.54849733179632,92.53706682389755,0.04998692823815222,0.027254618467869227,2,"custom(dynamic_gate=True, freeze_anchor=False, alignment=mse)"
26,6,410,54.146341463414636,93.65853658536585,48.17751334626937,93.55085207619629,0.04998692823815222,0.027254618467869227,2,"custom(dynamic_gate=True, freeze_anchor=False, alignment=mse)"
26,7,460,61.95652173913044,93.04347826086956,51.90582891604751,86.30578204962588,0.04998692823815222,0.027254618467869227,2,"custom(dynamic_gate=True, freeze_anchor=False, alignment=mse)"
27,0,207,55.55555555555556,87.92270531400966,47.71149288117614,85.80618684720851,0.04998763484658355,0.02710663775281276,2,"custom(dynamic_gate=True, freeze_anchor=False, alignment=mse)"
27,1,277,57.03971119133574,90.61371841155234,45.412822406711506,80.67378758030019,0.04998763484658355,0.02710663775281276,2,"custom(dynamic_gate=True, freeze_anchor=False, alignment=mse)"
27,2,404,43.81188118811881,80.94059405940594,41.47838199393776,78.87047168846786,0.04998763484658355,0.02710663775281276,2,"custom(dynamic_gate=True, freeze_anchor=False, alignment=mse)"
27,3,468,45.72649572649573,77.77777777777777,38.58858786060493,73.55096508429884,0.04998763484658355,0.02710663775281276,2,"custom(dynamic_gate=True, freeze_anchor=False, alignment=mse)"
27,4,426,56.57276995305164,95.30516431924883,50.66985481691104,95.24472648991427,0.04998763484658355,0.02710663775281276,2,"custom(dynamic_gate=True, freeze_anchor=False, alignment=mse)"
27,5,461,62.906724511930584,96.09544468546638,51.78874207956491,92.14287230444064,0.04998763484658355,0.02710663775281276,2,"custom(dynamic_gate=True, freeze_anchor=False, alignment=mse)"
27,6,410,54.390243902439025,93.17073170731707,49.04656667553287,93.4964633429233,0.04998763484658355,0.02710663775281276,2,"custom(dynamic_gate=True, freeze_anchor=False, alignment=mse)"
27,7,460,61.73913043478261,95.8695652173913,51.80766056818974,90.12273080787315,0.04998763484658355,0.02710663775281276,2,"custom(dynamic_gate=True, freeze_anchor=False, alignment=mse)"
28,0,207,55.55555555555556,88.88888888888889,47.71149288117614,88.13409771673643,0.04998763484658355,0.02693763350672209,2,"custom(dynamic_gate=True, freeze_anchor=False, alignment=mse)"
28,1,277,57.03971119133574,89.53068592057761,45.412822406711506,81.33661825934388,0.04998763484658355,0.02693763350672209,2,"custom(dynamic_gate=True, freeze_anchor=False, alignment=mse)"
28,2,404,43.56435643564357,81.43564356435644,41.12256572057583,80.08085204218527,0.04998763484658355,0.02693763350672209,2,"custom(dynamic_gate=True, freeze_anchor=False, alignment=mse)"
28,3,468,45.2991452991453,77.56410256410257,38.10515647203483,73.67047677399005,0.04998763484658355,0.02693763350672209,2,"custom(dynamic_gate=True, freeze_anchor=False, alignment=mse)"
28,4,426,56.57276995305164,95.30516431924883,50.62586654711632,95.07917141766062,0.04998763484658355,0.02693763350672209,2,"custom(dynamic_gate=True, freeze_anchor=False, alignment=mse)"
28,5,461,62.906724511930584,96.31236442516268,51.61407859479,92.28499322699636,0.04998763484658355,0.02693763350672209,2,"custom(dynamic_gate=True, freeze_anchor=False, alignment=mse)"
28,6,410,54.146341463414636,93.41463414634147,48.72136257123314,93.96465928853229,0.04998763484658355,0.02693763350672209,2,"custom(dynamic_gate=True, freeze_anchor=False, alignment=mse)"
28,7,460,61.95652173913044,95.21739130434783,51.895473264255685,90.67326609579384,0.04998763484658355,0.02693763350672209,2,"custom(dynamic_gate=True, freeze_anchor=False, alignment=mse)"
29,0,207,55.55555555555556,87.43961352657004,47.70363717479102,85.96376804640677,0.04998763484658355,0.026764494207702154,2,"custom(dynamic_gate=True, freeze_anchor=False, alignment=mse)"
29,1,277,57.03971119133574,88.4476534296029,45.58419337445344,76.59033060224458,0.04998763484658355,0.026764494207702154,2,"custom(dynamic_gate=True, freeze_anchor=False, alignment=mse)"
29,2,404,43.56435643564357,78.96039603960396,41.34072949684856,77.35777861263665,0.04998763484658355,0.026764494207702154,2,"custom(dynamic_gate=True, freeze_anchor=False, alignment=mse)"
29,3,468,45.72649572649573,78.2051282051282,38.46204617127012,73.53840444958703,0.04998763484658355,0.026764494207702154,2,"custom(dynamic_gate=True, freeze_anchor=False, alignment=mse)"
29,4,426,56.57276995305164,95.30516431924883,50.75118217096567,95.15474754432036,0.04998763484658355,0.026764494207702154,2,"custom(dynamic_gate=True, freeze_anchor=False, alignment=mse)"
29,5,461,62.689804772234275,95.66160520607376,51.30463008792906,91.59939350087109,0.04998763484658355,0.026764494207702154,2,"custom(dynamic_gate=True, freeze_anchor=False, alignment=mse)"
29,6,410,54.146341463414636,92.92682926829268,48.17751334626937,93.46958041547524,0.04998763484658355,0.026764494207702154,2,"custom(dynamic_gate=True, freeze_anchor=False, alignment=mse)"
29,7,460,61.73913043478261,95.0,51.75484156575041,89.6949071188085,0.04998763484658355,0.026764494207702154,2,"custom(dynamic_gate=True, freeze_anchor=False, alignment=mse)"
30,0,207,55.55555555555556,86.95652173913044,47.71149288117614,85.44193916678437,0.04998763484658355,0.02660862465963308,2,"custom(dynamic_gate=True, freeze_anchor=False, alignment=mse)"
30,1,277,57.03971119133574,90.61371841155234,45.412822406711506,79.16366080231627,0.04998763484658355,0.02660862465963308,2,"custom(dynamic_gate=True, freeze_anchor=False, alignment=mse)"
30,2,404,43.81188118811881,80.94059405940594,41.478889825573184,78.53181307724935,0.04998763484658355,0.02660862465963308,2,"custom(dynamic_gate=True, freeze_anchor=False, alignment=mse)"
30,3,468,45.2991452991453,77.99145299145299,38.23868823753699,74.0197462012811,0.04998763484658355,0.02660862465963308,2,"custom(dynamic_gate=True, freeze_anchor=False, alignment=mse)"
30,4,426,56.8075117370892,95.07042253521126,51.45773360478984,94.82731349627053,0.04998763484658355,0.02660862465963308,2,"custom(dynamic_gate=True, freeze_anchor=False, alignment=mse)"
30,5,461,63.34056399132321,96.31236442516268,52.10602764790786,91.91902686551724,0.04998763484658355,0.02660862465963308,2,"custom(dynamic_gate=True, freeze_anchor=False, alignment=mse)"
30,6,410,54.146341463414636,92.6829268292683,48.72136257123314,92.34078751760171,0.04998763484658355,0.02660862465963308,2,"custom(dynamic_gate=True, freeze_anchor=False, alignment=mse)"
30,7,460,61.73913043478261,95.0,51.79840080126782,87.96873370020535,0.04998763484658355,0.02660862465963308,2,"custom(dynamic_gate=True, freeze_anchor=False, alignment=mse)"
31,0,207,55.55555555555556,87.43961352657004,47.70363717479102,85.28842846180306,0.04998763484658355,0.02646808333000062,2,"custom(dynamic_gate=True, freeze_anchor=False, alignment=mse)"
31,1,277,57.03971119133574,90.25270758122744,45.412822406711506,79.629537421029,0.04998763484658355,0.02646808333000062,2,"custom(dynamic_gate=True, freeze_anchor=False, alignment=mse)"
31,2,404,43.81188118811881,81.18811881188118,41.41243300148453,79.15837045365731,0.04998763484658355,0.02646808333000062,2,"custom(dynamic_gate=True, freeze_anchor=False, alignment=mse)"
31,3,468,45.72649572649573,78.2051282051282,38.710489588447736,74.35194011367882,0.04998763484658355,0.02646808333000062,2,"custom(dynamic_gate=True, freeze_anchor=False, alignment=mse)"
31,4,426,56.8075117370892,95.77464788732394,50.86269228247578,95.60819635338412,0.04998763484658355,0.02646808333000062,2,"custom(dynamic_gate=True, freeze_anchor=False, alignment=mse)"
31,5,461,62.689804772234275,95.22776572668113,51.282499917057464,90.99717992761678,0.04998763484658355,0.02646808333000062,2,"custom(dynamic_gate=True, freeze_anchor=False, alignment=mse)"
31,6,410,54.146341463414636,93.90243902439025,48.25777937080783,94.40985536066336,0.04998763484658355,0.02646808333000062,2,"custom(dynamic_gate=True, freeze_anchor=False, alignment=mse)"
31,7,460,61.73913043478261,95.65217391304348,51.80766056818974,90.02526907106717,0.04998763484658355,0.02646808333000062,2,"custom(dynamic_gate=True, freeze_anchor=False, alignment=mse)"
32,0,207,55.55555555555556,88.88888888888889,47.62121959237344,86.70503473135052,0.04998763484658355,0.02632654984264485,2,"custom(dynamic_gate=True, freeze_anchor=False, alignment=mse)"
32,1,277,57.03971119133574,91.33574007220217,45.49890299279209,78.98120436985982,0.04998763484658355,0.02632654984264485,2,"custom(dynamic_gate=True, freeze_anchor=False, alignment=mse)"
32,2,404,43.81188118811881,79.95049504950495,41.524147319707,78.3408672807769,0.04998763484658355,0.02632654984264485,2,"custom(dynamic_gate=True, freeze_anchor=False, alignment=mse)"
32,3,468,45.51282051282051,77.56410256410257,38.24466042776272,73.0466047031139,0.04998763484658355,0.02632654984264485,2,"custom(dynamic_gate=True, freeze_anchor=False, alignment=mse)"
32,4,426,56.57276995305164,95.53990610328638,50.7435766026195,95.28173302692079,0.04998763484658355,0.02632654984264485,2,"custom(dynamic_gate=True, freeze_anchor=False, alignment=mse)"
32,5,461,62.689804772234275,96.529284164859,51.31555728092342,92.46469614366734,0.04998763484658355,0.02632654984264485,2,"custom(dynamic_gate=True, freeze_anchor=False, alignment=mse)"
32,6,410,54.390243902439025,93.65853658536585,48.95953375677275,94.21176397836145,0.04998763484658355,0.02632654984264485,2,"custom(dynamic_gate=True, freeze_anchor=False, alignment=mse)"
32,7,460,61.52173913043478,95.21739130434783,51.67123231651086,88.44863399007878,0.04998763484658355,0.02632654984264485,2,"custom(dynamic_gate=True, freeze_anchor=False, alignment=mse)"
33,0,207,55.55555555555556,87.92270531400966,47.62907529875856,87.54553002037522,0.04998763484658355,0.026178701462253078,2,"custom(dynamic_gate=True, freeze_anchor=False, alignment=mse)"
33,1,277,57.03971119133574,87.72563176895306,45.412822406711506,77.73924020555825,0.04998763484658355,0.026178701462253078,2,"custom(dynamic_gate=True, freeze_anchor=False, alignment=mse)"
33,2,404,43.81188118811881,80.1980198019802,41.53009018966466,77.9580902596514,0.04998763484658355,0.026178701462253078,2,"custom(dynamic_gate=True, freeze_anchor=False, alignment=mse)"
33,3,468,45.51282051282051,78.41880341880342,38.285668336004505,73.56354773301294,0.04998763484658355,0.026178701462253078,2,"custom(dynamic_gate=True, freeze_anchor=False, alignment=mse)"
33,4,426,56.57276995305164,95.07042253521126,50.66985481691104,94.92610967501261,0.04998763484658355,0.026178701462253078,2,"custom(dynamic_gate=True, freeze_anchor=False, alignment=mse)"
33,5,461,62.689804772234275,95.22776572668113,51.38115018618829,90.82671429817161,0.04998763484658355,0.026178701462253078,2,"custom(dynamic_gate=True, freeze_anchor=False, alignment=mse)"
33,6,410,54.146341463414636,93.17073170731707,48.26454626502949,93.82374691871969,0.04998763484658355,0.026178701462253078,2,"custom(dynamic_gate=True, freeze_anchor=False, alignment=mse)"
33,7,460,61.73913043478261,94.56521739130434,51.73955254569825,89.054506063496,0.04998763484658355,0.026178701462253078,2,"custom(dynamic_gate=True, freeze_anchor=False, alignment=mse)"
34,0,207,55.55555555555556,87.92270531400966,47.62907529875856,86.52670965944958,0.04998763484658355,0.026039619524746052,2,"custom(dynamic_gate=True, freeze_anchor=False, alignment=mse)"
34,1,277,57.03971119133574,88.8086642599278,45.577429305189376,73.40938210948715,0.04998763484658355,0.026039619524746052,2,"custom(dynamic_gate=True, freeze_anchor=False, alignment=mse)"
34,2,404,43.56435643564357,80.1980198019802,41.16547650190964,78.19650971764175,0.04998763484658355,0.026039619524746052,2,"custom(dynamic_gate=True, freeze_anchor=False, alignment=mse)"
34,3,468,45.51282051282051,77.56410256410257,38.49781608220489,72.02309766527596,0.04998763484658355,0.026039619524746052,2,"custom(dynamic_gate=True, freeze_anchor=False, alignment=mse)"
34,4,426,56.8075117370892,95.30516431924883,50.86269228247578,93.4207589945423,0.04998763484658355,0.026039619524746052,2,"custom(dynamic_gate=True, freeze_anchor=False, alignment=mse)"
34,5,461,62.47288503253796,95.66160520607376,51.10249875879545,92.06152973080701,0.04998763484658355,0.026039619524746052,2,"custom(dynamic_gate=True, freeze_anchor=False, alignment=mse)"
34,6,410,54.390243902439025,93.65853658536585,49.31640571162578,94.47365733475239,0.04998763484658355,0.026039619524746052,2,"custom(dynamic_gate=True, freeze_anchor=False, alignment=mse)"
34,7,460,61.73913043478261,95.0,51.76815795661251,88.90696114948055,0.04998763484658355,0.026039619524746052,2,"custom(dynamic_gate=True, freeze_anchor=False, alignment=mse)"
35,0,207,55.55555555555556,87.92270531400966,47.62907529875856,85.70952976332232,0.04998763484658355,0.025889067688638374,2,"custom(dynamic_gate=True, freeze_anchor=False, alignment=mse)"
35,1,277,57.03971119133574,89.16967509025271,45.58419337445344,77.18167307715628,0.04998763484658355,0.025889067688638374,2,"custom(dynamic_gate=True, freeze_anchor=False, alignment=mse)"
35,2,404,43.81188118811881,79.45544554455445,41.488605056379996,77.89742949483005,0.04998763484658355,0.025889067688638374,2,"custom(dynamic_gate=True, freeze_anchor=False, alignment=mse)"
35,3,468,45.2991452991453,77.99145299145299,38.151816088912895,71.73210205012786,0.04998763484658355,0.025889067688638374,2,"custom(dynamic_gate=True, freeze_anchor=False, alignment=mse)"
35,4,426,56.57276995305164,96.24413145539906,50.7435766026195,96.05459907593436,0.04998763484658355,0.025889067688638374,2,"custom(dynamic_gate=True, freeze_anchor=False, alignment=mse)"
35,5,461,62.689804772234275,96.31236442516268,51.25662241291911,92.31034511405394,0.04998763484658355,0.025889067688638374,2,"custom(dynamic_gate=True, freeze_anchor=False, alignment=mse)"
35,6,410,54.390243902439025,93.17073170731707,49.04656667553287,93.67110784812395,0.04998763484658355,0.025889067688638374,2,"custom(dynamic_gate=True, freeze_anchor=False, alignment=mse)"
35,7,460,61.52173913043478,95.8695652173913,51.68454870737297,89.58029792513501,0.04998763484658355,0.025889067688638374,2,"custom(dynamic_gate=True, freeze_anchor=False, alignment=mse)"
36,0,207,55.55555555555556,88.88888888888889,47.30856247824573,86.87475342854599,0.04998763484658355,0.025763651674584404,2,"custom(dynamic_gate=True, freeze_anchor=False, alignment=mse)"
36,1,277,57.03971119133574,90.97472924187726,45.412822406711506,81.25558848247924,0.04998763484658355,0.025763651674584404,2,"custom(dynamic_gate=True, freeze_anchor=False, alignment=mse)"
36,2,404,43.81188118811881,79.95049504950495,41.62093643171249,78.37498283285778,0.04998763484658355,0.025763651674584404,2,"custom(dynamic_gate=True, freeze_anchor=False, alignment=mse)"
36,3,468,45.51282051282051,76.4957264957265,38.334926537379275,72.07730045999939,0.04998763484658355,0.025763651674584404,2,"custom(dynamic_gate=True, freeze_anchor=False, alignment=mse)"
36,4,426,56.33802816901409,96.24413145539906,50.38550758519539,96.15021334755423,0.04998763484658355,0.025763651674584404,2,"custom(dynamic_gate=True, freeze_anchor=False, alignment=mse)"
36,5,461,62.906724511930584,96.31236442516268,51.62747576696203,92.27439951219422,0.04998763484658355,0.025763651674584404,2,"custom(dynamic_gate=True, freeze_anchor=False, alignment=mse)"
36,6,410,54.146341463414636,94.39024390243902,48.17751334626937,94.69480499214727,0.04998763484658355,0.025763651674584404,2,"custom(dynamic_gate=True, freeze_anchor=False, alignment=mse)"
36,7,460,61.73913043478261,95.21739130434783,51.73955254569825,89.17763386511415,0.04998763484658355,0.025763651674584404,2,"custom(dynamic_gate=True, freeze_anchor=False, alignment=mse)"
37,0,207,55.55555555555556,86.95652173913044,47.62907529875856,84.52272671759454,0.04998763484658355,0.02562996476328898,2,"custom(dynamic_gate=True, freeze_anchor=False, alignment=mse)"
37,1,277,57.03971119133574,90.97472924187726,45.412822406711506,82.32912308279955,0.04998763484658355,0.02562996476328898,2,"custom(dynamic_gate=True, freeze_anchor=False, alignment=mse)"
37,2,404,43.81188118811881,79.45544554455445,41.443093621632016,76.89109270685991,0.04998763484658355,0.02562996476328898,2,"custom(dynamic_gate=True, freeze_anchor=False, alignment=mse)"
37,3,468,45.51282051282051,78.41880341880342,38.48613357043678,74.3777559247475,0.04998763484658355,0.02562996476328898,2,"custom(dynamic_gate=True, freeze_anchor=False, alignment=mse)"
37,4,426,56.57276995305164,95.77464788732394,50.66985481691104,95.98057838520889,0.04998763484658355,0.02562996476328898,2,"custom(dynamic_gate=True, freeze_anchor=False, alignment=mse)"
37,5,461,62.47288503253796,95.66160520607376,51.03266001337141,91.15373421613867,0.04998763484658355,0.02562996476328898,2,"custom(dynamic_gate=True, freeze_anchor=False, alignment=mse)"
37,6,410,54.146341463414636,92.92682926829268,48.357053104756496,93.07825106160753,0.04998763484658355,0.02562996476328898,2,"custom(dynamic_gate=True, freeze_anchor=False, alignment=mse)"
37,7,460,61.52173913043478,95.0,51.629654744641066,89.82118811857052,0.04998763484658355,0.02562996476328898,2,"custom(dynamic_gate=True, freeze_anchor=False, alignment=mse)"
38,0,207,55.55555555555556,87.43961352657004,47.71149288117614,85.16521296900555,0.04998763484658355,0.02547533775877613,2,"custom(dynamic_gate=True, freeze_anchor=False, alignment=mse)"
38,1,277,57.03971119133574,89.89169675090253,45.58419337445344,80.94702303998524,0.04998763484658355,0.02547533775877613,2,"custom(dynamic_gate=True, freeze_anchor=False, alignment=mse)"
38,2,404,43.81188118811881,80.44554455445545,41.71253507516227,78.73423744178424,0.04998763484658355,0.02547533775877613,2,"custom(dynamic_gate=True, freeze_anchor=False, alignment=mse)"
38,3,468,45.2991452991453,77.56410256410257,38.0285656317701,73.10968880793808,0.04998763484658355,0.02547533775877613,2,"custom(dynamic_gate=True, freeze_anchor=False, alignment=mse)"
38,4,426,56.57276995305164,96.0093896713615,50.7435766026195,93.84823489279,0.04998763484658355,0.02547533775877613,2,"custom(dynamic_gate=True, freeze_anchor=False, alignment=mse)"
38,5,461,62.689804772234275,95.44468546637744,51.429678580870544,91.62381630612552,0.04998763484658355,0.02547533775877613,2,"custom(dynamic_gate=True, freeze_anchor=False, alignment=mse)"
38,6,410,54.390243902439025,93.65853658536585,48.595224290296095,93.76333072672453,0.04998763484658355,0.02547533775877613,2,"custom(dynamic_gate=True, freeze_anchor=False, alignment=mse)"
38,7,460,61.52173913043478,94.1304347826087,51.68454870737297,88.63610096120972,0.04998763484658355,0.02547533775877613,2,"custom(dynamic_gate=True, freeze_anchor=False, alignment=mse)"
39,0,207,55.55555555555556,85.99033816425121,47.62907529875856,83.59633693091062,0.04998763484658355,0.025336559239408203,2,"custom(dynamic_gate=True, freeze_anchor=False, alignment=mse)"
39,1,277,57.03971119133574,88.8086642599278,45.412822406711506,79.08278608646256,0.04998763484658355,0.025336559239408203,2,"custom(dynamic_gate=True, freeze_anchor=False, alignment=mse)"
39,2,404,43.56435643564357,80.6930693069307,41.11625842934716,78.46496854558114,0.04998763484658355,0.025336559239408203,2,"custom(dynamic_gate=True, freeze_anchor=False, alignment=mse)"
39,3,468,45.51282051282051,77.35042735042735,38.426603914174464,73.24189606323051,0.04998763484658355,0.025336559239408203,2,"custom(dynamic_gate=True, freeze_anchor=False, alignment=mse)"
39,4,426,56.57276995305164,95.07042253521126,50.66985481691104,92.98550662834366,0.04998763484658355,0.025336559239408203,2,"custom(dynamic_gate=True, freeze_anchor=False, alignment=mse)"
39,5,461,62.689804772234275,96.09544468546638,51.227110861668415,90.73675251866489,0.04998763484658355,0.025336559239408203,2,"custom(dynamic_gate=True, freeze_anchor=False, alignment=mse)"
39,6,410,54.390243902439025,92.92682926829268,48.98587853899334,93.56984407162653,0.04998763484658355,0.025336559239408203,2,"custom(dynamic_gate=True, freeze_anchor=False, alignment=mse)"
39,7,460,61.73913043478261,95.65217391304348,51.73955254569825,89.35893834703987,0.04998763484658355,0.025336559239408203,2,"custom(dynamic_gate=True, freeze_anchor=False, alignment=mse)"
40,0,207,55.55555555555556,86.95652173913044,47.62121959237344,83.53134438660756,0.04998858357958225,0.02521462902581136,2,"custom(dynamic_gate=True, freeze_anchor=False, alignment=mse)"
40,1,277,57.03971119133574,90.61371841155234,45.67027396053403,82.95571957119728,0.04998858357958225,0.02521462902581136,2,"custom(dynamic_gate=True, freeze_anchor=False, alignment=mse)"
40,2,404,43.56435643564357,81.93069306930693,41.2141643640256,80.52686286628598,0.04998858357958225,0.02521462902581136,2,"custom(dynamic_gate=True, freeze_anchor=False, alignment=mse)"
40,3,468,45.51282051282051,77.35042735042735,38.51363104900688,73.12965789985387,0.04998858357958225,0.02521462902581136,2,"custom(dynamic_gate=True, freeze_anchor=False, alignment=mse)"
40,4,426,56.8075117370892,96.24413145539906,50.8418567008996,96.07296459275192,0.04998858357958225,0.02521462902581136,2,"custom(dynamic_gate=True, freeze_anchor=False, alignment=mse)"
40,5,461,62.906724511930584,96.09544468546638,51.524147158704714,90.12999844801968,0.04998858357958225,0.02521462902581136,2,"custom(dynamic_gate=True, freeze_anchor=False, alignment=mse)"
40,6,410,54.146341463414636,93.17073170731707,48.72136257123314,93.64969606018909,0.04998858357958225,0.02521462902581136,2,"custom(dynamic_gate=True, freeze_anchor=False, alignment=mse)"
40,7,460,61.52173913043478,95.21739130434783,51.67123231651086,88.97659257880339,0.04998858357958225,0.02521462902581136,2,"custom(dynamic_gate=True, freeze_anchor=False, alignment=mse)"
41,0,207,55.55555555555556,88.40579710144928,47.62121959237344,87.40527553801546,0.04998763484658355,0.025095435843798163,2,"custom(dynamic_gate=True, freeze_anchor=False, alignment=mse)"
41,1,277,57.03971119133574,88.08664259927798,45.58419337445344,77.53147120052033,0.04998763484658355,0.025095435843798163,2,"custom(dynamic_gate=True, freeze_anchor=False, alignment=mse)"
41,2,404,43.56435643564357,81.68316831683168,41.25223371632642,79.73154366145602,0.04998763484658355,0.025095435843798163,2,"custom(dynamic_gate=True, freeze_anchor=False, alignment=mse)"
41,3,468,45.72649572649573,78.84615384615384,38.52882929938708,74.9625515534052,0.04998763484658355,0.025095435843798163,2,"custom(dynamic_gate=True, freeze_anchor=False, alignment=mse)"
41,4,426,56.8075117370892,95.77464788732394,50.60361211309717,95.74878699768993,0.04998763484658355,0.025095435843798163,2,"custom(dynamic_gate=True, freeze_anchor=False, alignment=mse)"
41,5,461,62.906724511930584,96.31236442516268,51.61407859479,92.16827749628469,0.04998763484658355,0.025095435843798163,2,"custom(dynamic_gate=True, freeze_anchor=False, alignment=mse)"
41,6,410,54.146341463414636,93.65853658536585,48.11355885088418,93.93306813739656,0.04998763484658355,0.025095435843798163,2,"custom(dynamic_gate=True, freeze_anchor=False, alignment=mse)"
41,7,460,61.73913043478261,95.65217391304348,51.73955254569825,89.30555163003822,0.04998763484658355,0.025095435843798163,2,"custom(dynamic_gate=True, freeze_anchor=False, alignment=mse)"
42,0,207,55.55555555555556,87.92270531400966,47.70363717479102,86.3236215538847,0.04998763484658355,0.024974584994461254,2,"custom(dynamic_gate=True, freeze_anchor=False, alignment=mse)"
42,1,277,57.03971119133574,88.08664259927798,45.412822406711506,77.86786084511095,0.04998763484658355,0.024974584994461254,2,"custom(dynamic_gate=True, freeze_anchor=False, alignment=mse)"
42,2,404,43.56435643564357,82.17821782178218,41.355812163180076,80.49564915431827,0.04998763484658355,0.024974584994461254,2,"custom(dynamic_gate=True, freeze_anchor=False, alignment=mse)"
42,3,468,45.2991452991453,79.05982905982906,38.060958235245586,74.49576278676975,0.04998763484658355,0.024974584994461254,2,"custom(dynamic_gate=True, freeze_anchor=False, alignment=mse)"
42,4,426,56.8075117370892,95.77464788732394,50.7800476543766,95.6221951946141,0.04998763484658355,0.024974584994461254,2,"custom(dynamic_gate=True, freeze_anchor=False, alignment=mse)"
42,5,461,63.1236442516269,96.09544468546638,51.65833101353634,92.06451369199748,0.04998763484658355,0.024974584994461254,2,"custom(dynamic_gate=True, freeze_anchor=False, alignment=mse)"
42,6,410,53.90243902439025,93.65853658536585,48.02637507948988,94.15267086856377,0.04998763484658355,0.024974584994461254,2,"custom(dynamic_gate=True, freeze_anchor=False, alignment=mse)"
42,7,460,61.73913043478261,95.21739130434783,51.79434417732763,89.46944892618907,0.04998763484658355,0.024974584994461254,2,"custom(dynamic_gate=True, freeze_anchor=False, alignment=mse)"
43,0,207,55.55555555555556,88.40579710144928,47.71149288117614,85.86587131478771,0.04998763484658355,0.024838293559965075,2,"custom(dynamic_gate=True, freeze_anchor=False, alignment=mse)"
43,1,277,57.03971119133574,88.8086642599278,45.58419337445344,78.51985024779141,0.04998763484658355,0.024838293559965075,2,"custom(dynamic_gate=True, freeze_anchor=False, alignment=mse)"
43,2,404,43.56435643564357,80.1980198019802,41.062457411841514,78.80702009201445,0.04998763484658355,0.024838293559965075,2,"custom(dynamic_gate=True, freeze_anchor=False, alignment=mse)"
43,3,468,45.51282051282051,79.91452991452991,38.47829043724395,75.16770030700263,0.04998763484658355,0.024838293559965075,2,"custom(dynamic_gate=True, freeze_anchor=False, alignment=mse)"
43,4,426,56.8075117370892,94.83568075117371,50.80457071188859,94.69668221783395,0.04998763484658355,0.024838293559965075,2,"custom(dynamic_gate=True, freeze_anchor=False, alignment=mse)"
43,5,461,62.689804772234275,96.529284164859,51.251461034760005,93.79620179786457,0.04998763484658355,0.024838293559965075,2,"custom(dynamic_gate=True, freeze_anchor=False, alignment=mse)"
43,6,410,54.146341463414636,93.65853658536585,48.17751334626937,94.08710565408003,0.04998763484658355,0.024838293559965075,2,"custom(dynamic_gate=True, freeze_anchor=False, alignment=mse)"
43,7,460,61.73913043478261,95.65217391304348,51.73955254569825,90.12554836467879,0.04998763484658355,0.024838293559965075,2,"custom(dynamic_gate=True, freeze_anchor=False, alignment=mse)"
44,0,207,55.55555555555556,88.88888888888889,47.390980060663324,86.65325644427811,0.04998779296875,0.024701675231245206,2,"custom(dynamic_gate=True, freeze_anchor=False, alignment=mse)"
44,1,277,57.40072202166065,87.00361010830325,45.80064359090366,75.70439947540788,0.04998779296875,0.024701675231245206,2,"custom(dynamic_gate=True, freeze_anchor=False, alignment=mse)"
44,2,404,43.56435643564357,80.6930693069307,41.11547352199426,79.06448338434829,0.04998779296875,0.024701675231245206,2,"custom(dynamic_gate=True, freeze_anchor=False, alignment=mse)"
44,3,468,45.72649572649573,79.27350427350427,38.63070619188181,75.29156039627931,0.04998779296875,0.024701675231245206,2,"custom(dynamic_gate=True, freeze_anchor=False, alignment=mse)"
44,4,426,56.8075117370892,95.07042253521126,50.84855898168331,93.2618996410587,0.04998779296875,0.024701675231245206,2,"custom(dynamic_gate=True, freeze_anchor=False, alignment=mse)"
44,5,461,62.689804772234275,95.66160520607376,51.303630959927645,91.81585391220487,0.04998779296875,0.024701675231245206,2,"custom(dynamic_gate=True, freeze_anchor=False, alignment=mse)"
44,6,410,54.390243902439025,93.17073170731707,48.95953375677275,93.62003635747463,0.04998779296875,0.024701675231245206,2,"custom(dynamic_gate=True, freeze_anchor=False, alignment=mse)"
44,7,460,61.73913043478261,95.21739130434783,51.776438648111764,89.17369178082396,0.04998779296875,0.024701675231245206,2,"custom(dynamic_gate=True, freeze_anchor=False, alignment=mse)"
45,0,207,55.55555555555556,87.92270531400966,47.62907529875856,84.95754610886189,0.0499890431221285,0.024590300178937034,2,"custom(dynamic_gate=True, freeze_anchor=False, alignment=mse)"
45,1,277,57.03971119133574,89.53068592057761,45.412822406711506,79.66769616385385,0.0499890431221285,0.024590300178937034,2,"custom(dynamic_gate=True, freeze_anchor=False, alignment=mse)"
45,2,404,43.56435643564357,80.6930693069307,41.2141643640256,78.55510810364093,0.0499890431221285,0.024590300178937034,2,"custom(dynamic_gate=True, freeze_anchor=False, alignment=mse)"
45,3,468,45.51282051282051,77.77777777777777,38.42147450805848,73.89531489497257,0.0499890431221285,0.024590300178937034,2,"custom(dynamic_gate=True, freeze_anchor=False, alignment=mse)"
45,4,426,56.33802816901409,96.24413145539906,50.56719349279986,96.40695992811168,0.0499890431221285,0.024590300178937034,2,"custom(dynamic_gate=True, freeze_anchor=False, alignment=mse)"
45,5,461,62.47288503253796,95.22776572668113,50.967078750377716,91.10240891191931,0.0499890431221285,0.024590300178937034,2,"custom(dynamic_gate=True, freeze_anchor=False, alignment=mse)"
45,6,410,54.146341463414636,94.14634146341463,48.17751334626937,94.47580821148665,0.0499890431221285,0.024590300178937034,2,"custom(dynamic_gate=True, freeze_anchor=False, alignment=mse)"
45,7,460,61.73913043478261,95.43478260869566,51.80766056818974,89.84124719800761,0.0499890431221285,0.024590300178937034,2,"custom(dynamic_gate=True, freeze_anchor=False, alignment=mse)"
46,0,207,55.55555555555556,86.47342995169082,47.62907529875856,83.67354730223865,0.0499884254574158,0.02446912950474209,2,"custom(dynamic_gate=True, freeze_anchor=False, alignment=mse)"
46,1,277,57.03971119133574,91.69675090252707,45.412822406711506,82.5124464121313,0.0499884254574158,0.02446912950474209,2,"custom(dynamic_gate=True, freeze_anchor=False, alignment=mse)"
46,2,404,43.81188118811881,81.43564356435644,41.39957906541136,79.62600014259293,0.0499884254574158,0.02446912950474209,2,"custom(dynamic_gate=True, freeze_anchor=False, alignment=mse)"
46,3,468,45.2991452991453,77.35042735042735,38.23705508196636,73.3139204900871,0.0499884254574158,0.02446912950474209,2,"custom(dynamic_gate=True, freeze_anchor=False, alignment=mse)"
46,4,426,56.57276995305164,96.47887323943662,50.62586654711632,96.53893029692415,0.0499884254574158,0.02446912950474209,2,"custom(dynamic_gate=True, freeze_anchor=False, alignment=mse)"
46,5,461,62.906724511930584,96.529284164859,51.40464118794017,92.26929738437744,0.0499884254574158,0.02446912950474209,2,"custom(dynamic_gate=True, freeze_anchor=False, alignment=mse)"
46,6,410,53.90243902439025,92.92682926829268,47.93934216072975,93.22832261900174,0.0499884254574158,0.02446912950474209,2,"custom(dynamic_gate=True, freeze_anchor=False, alignment=mse)"
46,7,460,61.73913043478261,95.43478260869566,51.79434417732763,89.95992829710661,0.0499884254574158,0.02446912950474209,2,"custom(dynamic_gate=True, freeze_anchor=False, alignment=mse)"
47,0,207,55.55555555555556,87.43961352657004,47.71149288117614,86.25083109647888,0.04999008574016354,0.024353758436796578,2,"custom(dynamic_gate=True, freeze_anchor=False, alignment=mse)"
47,1,277,57.03971119133574,88.8086642599278,45.412822406711506,76.00033819502528,0.04999008574016354,0.024353758436796578,2,"custom(dynamic_gate=True, freeze_anchor=False, alignment=mse)"
47,2,404,43.56435643564357,80.94059405940594,41.1714193718673,78.76231403336207,0.04999008574016354,0.024353758436796578,2,"custom(dynamic_gate=True, freeze_anchor=False, alignment=mse)"
47,3,468,45.2991452991453,80.76923076923077,38.16537426492369,76.70679592585505,0.04999008574016354,0.024353758436796578,2,"custom(dynamic_gate=True, freeze_anchor=False, alignment=mse)"
47,4,426,56.57276995305164,96.0093896713615,50.66985481691104,94.36954937944303,0.04999008574016354,0.024353758436796578,2,"custom(dynamic_gate=True, freeze_anchor=False, alignment=mse)"
47,5,461,63.1236442516269,95.01084598698482,52.0244993204269,91.15672072874075,0.04999008574016354,0.024353758436796578,2,"custom(dynamic_gate=True, freeze_anchor=False, alignment=mse)"
47,6,410,54.390243902439025,92.6829268292683,49.136865953138646,92.1183965400354,0.04999008574016354,0.024353758436796578,2,"custom(dynamic_gate=True, freeze_anchor=False, alignment=mse)"
47,7,460,61.95652173913044,95.65217391304348,51.88215687339358,90.20368279456285,0.04999008574016354,0.024353758436796578,2,"custom(dynamic_gate=True, freeze_anchor=False, alignment=mse)"
48,0,207,55.55555555555556,89.3719806763285,47.70363717479102,88.3870496118948,0.04999008574016354,0.024234334889973074,2,"custom(dynamic_gate=True, freeze_anchor=False, alignment=mse)"
48,1,277,57.03971119133574,88.4476534296029,45.49890299279209,77.47374503414419,0.04999008574016354,0.024234334889973074,2,"custom(dynamic_gate=True, freeze_anchor=False, alignment=mse)"
48,2,404,43.56435643564357,83.41584158415841,41.12256572057583,82.12454760837606,0.04999008574016354,0.024234334889973074,2,"custom(dynamic_gate=True, freeze_anchor=False, alignment=mse)"
48,3,468,45.51282051282051,78.63247863247864,38.33732911831898,74.23093058082557,0.04999008574016354,0.024234334889973074,2,"custom(dynamic_gate=True, freeze_anchor=False, alignment=mse)"
48,4,426,56.33802816901409,96.47887323943662,50.299905321961546,96.6408336507273,0.04999008574016354,0.024234334889973074,2,"custom(dynamic_gate=True, freeze_anchor=False, alignment=mse)"
48,5,461,62.906724511930584,95.87852494577007,51.48562263681459,93.27159383517395,0.04999008574016354,0.024234334889973074,2,"custom(dynamic_gate=True, freeze_anchor=False, alignment=mse)"
48,6,410,54.390243902439025,92.4390243902439,48.595224290296095,92.76702924499432,0.04999008574016354,0.024234334889973074,2,"custom(dynamic_gate=True, freeze_anchor=False, alignment=mse)"
48,7,460,61.73913043478261,95.8695652173913,51.80766056818974,88.72016769165734,0.04999008574016354,0.024234334889973074,2,"custom(dynamic_gate=True, freeze_anchor=False, alignment=mse)"
49,0,207,55.55555555555556,87.92270531400966,47.30856247824573,86.5277032644263,0.049990080798845836,0.02412934989277563,2,"custom(dynamic_gate=True, freeze_anchor=False, alignment=mse)"
49,1,277,57.03971119133574,90.97472924187726,45.67027396053403,80.22100798361303,0.049990080798845836,0.02412934989277563,2,"custom(dynamic_gate=True, freeze_anchor=False, alignment=mse)"
49,2,404,43.81188118811881,80.1980198019802,41.44887070241418,78.09637228005583,0.049990080798845836,0.02412934989277563,2,"custom(dynamic_gate=True, freeze_anchor=False, alignment=mse)"
49,3,468,45.51282051282051,78.2051282051282,38.41588474672535,74.16321943198125,0.049990080798845836,0.02412934989277563,2,"custom(dynamic_gate=True, freeze_anchor=False, alignment=mse)"
49,4,426,56.57276995305164,96.0093896713615,50.66985481691104,95.83668572644207,0.049990080798845836,0.02412934989277563,2,"custom(dynamic_gate=True, freeze_anchor=False, alignment=mse)"
49,5,461,62.906724511930584,96.31236442516268,51.65927197443153,92.2155058622204,0.049990080798845836,0.02412934989277563,2,"custom(dynamic_gate=True, freeze_anchor=False, alignment=mse)"
49,6,410,54.146341463414636,92.4390243902439,48.80839548999326,91.9119485679883,0.049990080798845836,0.02412934989277563,2,"custom(dynamic_gate=True, freeze_anchor=False, alignment=mse)"
49,7,460,61.73913043478261,95.21739130434783,51.80766056818974,88.93225461739695,0.049990080798845836,0.02412934989277563,2,"custom(dynamic_gate=True, freeze_anchor=False, alignment=mse)"
