dataset,lambda,round,client,local_epoch,batch,valid,invalid_reason,spf_gamma,spf_rank,ce_loss,mse_loss,weighted_mse_loss,total_loss,ce_grad_norm,mse_grad_norm,dot_ce_mse,cos_ce_mse,effective_pull_ratio,utility
OxfordPets,0.3,0,0,0,0,1,,0.01000213623046875,8.0,2.818359375,0.0002354550815653056,7.063652446959168e-05,2.8184300115244696,135.07333374023438,0.00033906378666870296,-0.0001728087372612208,-0.0037732420877354587,7.530660063238743e-07,-2.8415003499661645e-09
OxfordPets,0.3,0,1,0,0,1,,0.01000213623046875,8.0,2.16015625,0.0002354550815653056,7.063652446959168e-05,2.1602268865244696,96.27035522460938,0.00033906378666870296,0.00014578313857782632,0.00446615008780867,1.0565987396980915e-06,4.7189285542257766e-09
OxfordPets,0.3,0,2,0,0,1,,0.01000213623046875,8.0,0.8662109375,0.0002354550815653056,7.063652446959168e-05,0.8662815740244696,42.7574577331543,0.00033906378666870296,8.030642493395135e-05,0.0055393270778218,2.378979981350367e-06,1.317794822919937e-08
OxfordPets,0.3,0,3,0,0,1,,0.01000213623046875,8.0,2.50390625,0.0002354550815653056,7.063652446959168e-05,2.5039768865244696,109.6243896484375,0.00033906378666870296,0.0008367535192519426,0.022511734146858472,9.278878206466692e-07,2.0888363937067872e-08
OxfordPets,0.3,0,4,0,0,1,,0.01000213623046875,8.0,2.470703125,0.0002354550815653056,7.063652446959168e-05,2.4707737615244696,70.54747772216797,0.00033906378666870296,4.3140025809407234e-05,0.0018035056266414934,1.4418536180868516e-06,2.6003911131217794e-09
OxfordPets,0.3,0,5,0,0,1,,0.01000213623046875,8.0,1.654296875,0.0002354550815653056,7.063652446959168e-05,1.6543675115244696,92.59382629394531,0.00033906378666870296,0.0004092952876817435,0.013036869120952805,1.098552031727208e-06,1.4321679060640728e-08
OxfordPets,0.3,0,6,0,0,1,,0.01000213623046875,8.0,3.94921875,0.0002354550815653056,7.063652446959168e-05,3.9492893865244696,128.59646606445312,0.00033906378666870296,0.000492457184009254,0.011294266611654634,7.909948003518853e-07,8.93370616381168e-09
OxfordPets,0.3,0,7,0,0,1,,0.01000213623046875,8.0,1.4755859375,0.0002354550815653056,7.063652446959168e-05,1.4756565740244696,212.02481079101562,0.00033906378666870296,0.0008844566764310002,0.012302927715535001,4.797510990393992e-07,5.902343093012332e-09
OxfordPets,0.3,0,8,0,0,1,,0.01000213623046875,8.0,0.74560546875,0.0002354550815653056,7.063652446959168e-05,0.7456761052744696,28.53816795349121,0.00033906378666870296,0.00020398876222316176,0.02108136585322384,3.5643190609284904e-06,7.514071414882074e-08
OxfordPets,0.3,0,9,0,0,1,,0.01000213623046875,8.0,0.80322265625,0.0002354550815653056,7.063652446959168e-05,0.8032932927744696,72.53118896484375,0.00033906378666870296,0.0009331168257631361,0.03794283838639839,1.4024192551140074e-06,5.3211767148928445e-08
OxfordPets,0.3,5,0,0,0,1,,0.01000213623046875,8.0,0.58642578125,0.00023509495076723397,7.052848523017018e-05,0.5864963097352301,36.20904541015625,0.0003388470213394612,0.00015686328697483987,0.012784995022567677,2.8074229864486473e-06,3.5892888910914425e-08
OxfordPets,0.3,5,1,0,0,1,,0.01000213623046875,8.0,0.25927734375,0.00023479093215428293,7.043727964628488e-05,0.2593477810296463,5.647296905517578,0.0003385876480024308,-1.652016544539947e-05,-0.008639779529424888,1.7986710474079762e-05,-1.5540121303694152e-07
OxfordPets,0.3,5,2,0,0,1,,0.01000213623046875,8.0,0.244140625,0.00023498090740758926,7.049427222227678e-05,0.24421111927222228,9.942831993103027,0.00033872839412651956,-5.375708133215085e-05,-0.015961510092873263,1.0220279122531148e-05,-1.6313108841471435e-07
OxfordPets,0.3,5,3,0,0,1,,0.01000213623046875,8.0,0.5283203125,0.00023380943457596004,7.0142830372788e-05,0.5283904553303728,10.893434524536133,0.0003378851106390357,-2.2333711967803538e-05,-0.006067740918181988,9.30519506620138e-06,-5.646151287019974e-08
OxfordPets,0.3,5,4,0,0,1,,0.01000213623046875,8.0,0.66259765625,0.00023527562734670937,7.05826882040128e-05,0.662668238938204,32.69841766357422,0.00033889603218995035,-7.011996058281511e-05,-0.00632773732045744,3.1092883668875584e-06,-1.9674760040994636e-08
OxfordPets,0.3,5,5,0,0,1,,0.01000213623046875,8.0,0.361572265625,0.00023461898672394454,7.038569601718337e-05,0.3616426513210172,15.0745267868042,0.00033844352583400905,0.00010853687854250893,0.021273915439383364,6.735405972350326e-06,1.4328845713379287e-07
OxfordPets,0.3,5,6,0,0,1,,0.01000213623046875,8.0,0.6533203125,0.00023365880770143121,7.009764231042936e-05,0.6533904101423105,24.232990264892578,0.00033770297886803746,0.00016420130850747228,0.02006479441151821,4.180701289975786e-06,8.388491188958686e-08
OxfordPets,0.3,5,7,0,0,1,,0.01000213623046875,8.0,0.275390625,0.00023521544062532485,7.056463218759745e-05,0.2754611896321876,8.934309959411621,0.00033890994382090867,1.5079496733960696e-05,0.004980139642292183,1.138005997196867e-05,5.6674287816786463e-08
OxfordPets,0.3,5,8,0,0,1,,0.01000213623046875,8.0,0.383544921875,0.0002347255649510771,7.041766948532312e-05,0.38361533954448535,12.005146026611328,0.00033857993548735976,2.7754407710745e-05,0.00682815386198008,8.460870065307367e-06,5.777212262635769e-08
OxfordPets,0.3,5,9,0,0,1,,0.01000213623046875,8.0,0.4287109375,0.0002338103367947042,7.014310103841126e-05,0.4287810806010384,9.755047798156738,0.0003378930559847504,2.1328552975319326e-05,0.0064707217269258125,1.039132958575238e-05,6.723940214258041e-08
OxfordPets,0.3,10,0,0,0,1,,0.01000213623046875,8.0,0.24853515625,0.00023484438133891672,7.045331440167501e-05,0.24860560956440167,5.177491664886475,0.00033862877171486616,-2.99258954328252e-06,-0.0017068835389272734,1.9621206192065928e-05,-3.3491113882242775e-08
OxfordPets,0.3,10,1,0,0,1,,0.01000213623046875,8.0,0.1678466796875,0.00023487897124141455,7.046369137242436e-05,0.16791714337887242,5.502460956573486,0.00033865461591631174,-1.0714160453062505e-05,-0.005749686646618059,1.8463808389862987e-05,-1.0616111260189619e-07
OxfordPets,0.3,10,2,0,0,1,,0.01000213623046875,8.0,0.25634765625,0.0002352752781007439,7.058258343022317e-05,0.25641823883343023,4.6296515464782715,0.0003388975455891341,-1.0353765901527368e-05,-0.006599052944446116,2.196045699250455e-05,-1.4491821847015874e-07
OxfordPets,0.3,10,3,0,0,1,,0.01000213623046875,8.0,0.3466796875,0.00023402135411743075,7.020640623522922e-05,0.34674989390623523,7.825977802276611,0.0003380896814633161,9.764748028828762e-06,0.003690545066569567,1.2960285219500153e-05,4.783051669624344e-08
OxfordPets,0.3,10,4,0,0,1,,0.01000213623046875,8.0,0.302734375,0.00023553668870590627,7.066100661177187e-05,0.3028050360066118,8.561065673828125,0.0003391308418940753,-3.1698345992481336e-05,-0.010917959643774528,1.1883947214566509e-05,-1.297484561420869e-07
OxfordPets,0.3,10,5,0,0,1,,0.01000213623046875,8.0,0.1622314453125,0.00023442768724635243,7.032830617390572e-05,0.1623017736186739,10.076617240905762,0.00033830973552539945,-5.150200740899891e-05,-0.015107579871465096,1.0072122244119972e-05,-1.5216539132285254e-07
OxfordPets,0.3,10,6,0,0,1,,0.01000213623046875,8.0,0.1876220703125,0.00023346737725660205,7.004021317698061e-05,0.18769211052567697,7.975711345672607,0.00033765941043384373,1.0160030797123909e-05,0.0037726519316482153,1.2700788524035753e-05,4.791565437645641e-08
OxfordPets,0.3,10,7,0,0,1,,0.01000213623046875,8.0,0.0577392578125,0.00023533974308520555,7.060192292556167e-05,0.05780985973542556,4.2187371253967285,0.00033898698166012764,4.940876351611223e-06,0.0034549240160726535,2.410581448315548e-05,8.328375744309739e-08
OxfordPets,0.3,10,8,0,0,1,,0.01000213623046875,8.0,0.07080078125,0.00023453378526028246,7.036013557808474e-05,0.07087114138557808,4.490190029144287,0.0003383598232176155,8.606062692706473e-06,0.005664492350519297,2.2606603797703144e-05,1.280549343676176e-07
OxfordPets,0.3,10,9,0,0,1,,0.01000213623046875,8.0,0.45068359375,0.0002337641199119389,7.012923597358166e-05,0.4507537229859736,12.349215507507324,0.0003378770488779992,-2.5791126972762868e-05,-0.006181192337594677,8.20806103851463e-06,-5.0735604009939294e-08
OxfordPets,0.3,15,0,0,0,1,,0.01000213623046875,8.0,0.01517486572265625,0.00023484218399971724,7.045265519991517e-05,0.015245318377856166,0.8817911148071289,0.0003386986500117928,-5.149317075847648e-06,-0.017241317495551044,0.00011523091273793037,-1.9867327584686155e-06
OxfordPets,0.3,15,1,0,0,1,,0.01000213623046875,8.0,0.0882568359375,0.00023478810908272862,7.043643272481858e-05,0.08832727237022482,4.423755168914795,0.0003385806630831212,-8.302069545607083e-06,-0.005542850084323368,2.2961080585712178e-05,-1.2726982754566395e-07
OxfordPets,0.3,15,2,0,0,1,,0.01000213623046875,8.0,0.23095703125,0.00023540252004750073,7.062075601425021e-05,0.23102765200601424,3.822223663330078,0.0003390129131730646,6.052573553461116e-06,0.004670977095031399,2.6608561641127035e-05,1.2428798205337676e-07
OxfordPets,0.3,15,3,0,0,1,,0.01000213623046875,8.0,0.25830078125,0.00023413501912727952,7.024050573818385e-05,0.2583710217557382,8.095653533935547,0.00033810583408921957,-4.4047392293578014e-05,-0.016092207497840117,1.252916145701757e-05,-2.0162186601394965e-07
OxfordPets,0.3,15,4,0,0,1,,0.01000213623046875,8.0,0.63427734375,0.00023586189490742981,7.075856847222894e-05,0.6343481023184723,10.492779731750488,0.0003393652441445738,-6.567162927240133e-05,-0.01844250341266642,9.702821925756537e-06,-1.789443265285277e-07
OxfordPets,0.3,15,5,0,0,1,,0.01000213623046875,8.0,0.46240234375,0.00023436160699930042,7.030848209979012e-05,0.46247265223209977,37.8565559387207,0.0003383062721695751,0.00013014028081670403,0.010161564754833964,2.680959192779109e-06,2.7242740444620175e-08
OxfordPets,0.3,15,6,0,0,1,,0.01000213623046875,8.0,0.0511474609375,0.0002334376040380448,7.003128121141344e-05,0.05121749221871141,5.842456817626953,0.00033758857171051204,-1.9286349925096147e-05,-0.009778377392435944,1.733458623221319e-05,-1.695041262062692e-07
OxfordPets,0.3,15,7,0,0,1,,0.01000213623046875,8.0,0.073974609375,0.00023530394537374377,7.059118361212313e-05,0.07404520055861212,4.048802852630615,0.00033894856460392475,5.416777639766224e-07,0.0003947122257438944,2.5114724792066653e-05,9.913088928847354e-09
OxfordPets,0.3,15,8,0,0,1,,0.01000213623046875,8.0,0.10833740234375,0.0002345227840123698,7.035683520371094e-05,0.1084077591789537,9.163894653320312,0.0003383876755833626,4.675968375522643e-05,0.01507915272836039,1.1077855706057877e-05,1.670446781482705e-07
OxfordPets,0.3,15,9,0,0,1,,0.01000213623046875,8.0,0.07073974609375,0.00023377631441690028,7.013289432507008e-05,0.07080987898807507,3.9726743698120117,0.00033787183929234743,-4.042928594572004e-06,-0.003012042574100991,2.5514689187192348e-05,-7.685133015404743e-08
OxfordPets,0.3,20,0,0,0,1,,0.01000213623046875,8.0,0.30126953125,0.0002349331189179793,7.047993567539379e-05,0.3013400111856754,7.766439914703369,0.00033875039662234485,3.08002345263958e-05,0.011707178071482312,1.3085161296914743e-05,1.5319031345529417e-07
OxfordPets,0.3,20,1,0,0,1,,0.01000213623046875,8.0,0.2125244140625,0.0002349116693949327,7.04735008184798e-05,0.21259488756331849,18.02008628845215,0.0003387016768101603,-0.00010693557851482183,-0.0175205610924812,5.638735654010588e-06,-9.879381252663621e-08
OxfordPets,0.3,20,2,0,0,1,,0.01000213623046875,8.0,0.13671875,0.0002352719020564109,7.058157061692327e-05,0.13678933157061693,6.105605602264404,0.0003389549965504557,-6.538351044582669e-06,-0.003159347860048897,1.6654613086604755e-05,-5.26177162405393e-08
OxfordPets,0.3,20,3,0,0,1,,0.01000213623046875,8.0,0.29345703125,0.00023415566829498857,7.024670048849657e-05,0.2935272779504885,10.009773254394531,0.0003380694251973182,1.3843051419826224e-05,0.004090738300526259,1.0132180318336296e-05,4.144809810830863e-08
OxfordPets,0.3,20,4,0,0,1,,0.01000213623046875,8.0,0.1781005859375,0.00023600862186867744,7.080258656060323e-05,0.17817138852406061,5.049686908721924,0.00033956029801629484,2.4853713966876967e-06,0.0014494723585769178,2.0173149592486535e-05,2.924042273680415e-08
OxfordPets,0.3,20,5,0,0,1,,0.01000213623046875,8.0,0.06854248046875,0.00023430604778695852,7.029181433608756e-05,0.06861277228308608,5.317616939544678,0.0003382186987437308,-4.328302566136699e-06,-0.0024065946579589622,1.908103023904316e-05,-4.592030546717401e-08
OxfordPets,0.3,20,6,0,0,1,,0.01000213623046875,8.0,0.01910400390625,0.00023342885833699256,7.002865750109777e-05,0.0191740325637511,1.1819180250167847,0.0003376167151145637,-2.173124812543392e-06,-0.0054459465360666495,8.569546482112839e-05,-4.6669292096885927e-07
OxfordPets,0.3,20,7,0,0,1,,0.01000213623046875,8.0,0.07421875,0.00023534864885732532,7.060459465719759e-05,0.0742893545946572,9.219938278198242,0.0003389643970876932,-2.4960543669294566e-05,-0.007986784049461515,1.1029284151148248e-05,-8.808851076356428e-08
OxfordPets,0.3,20,8,0,0,1,,0.01000213623046875,8.0,0.010162353515625,0.00023443522513844073,7.033056754153222e-05,0.010232684083166532,0.8355312347412109,0.0003383173607289791,1.8844787064153934e-06,0.006666597867166188,0.00012147386476821344,8.098174106448533e-07
OxfordPets,0.3,20,9,0,0,1,,0.01000213623046875,8.0,0.09857177734375,0.00023386049724649638,7.015814917394891e-05,0.09864193549292395,7.83591890335083,0.0003378524270374328,1.4886116332490928e-05,0.005622952730794292,1.2934759708637963e-05,7.27315424533349e-08
OxfordPets,0.3,25,0,0,0,1,,0.01000213623046875,8.0,0.06243896484375,0.0002350916329305619,7.052748987916857e-05,0.06250949233362917,4.976045608520508,0.0003388553159311414,-1.8246532818011474e-06,-0.0010821356303484602,2.042919273192651e-05,-2.2107157367587978e-08
OxfordPets,0.3,25,1,0,0,1,,0.01000213623046875,8.0,0.191162109375,0.00023499820963479578,7.049946289043874e-05,0.19123260883789045,7.247630596160889,0.0003388167533557862,9.653082997829188e-06,0.003931018736437139,1.4024587023042233e-05,5.513091438082965e-08
OxfordPets,0.3,25,2,0,0,1,,0.01000213623046875,8.0,0.15380859375,0.00023522874107584357,7.056862232275307e-05,0.15387916237232274,5.741516590118408,0.00033887536847032607,-3.628562990343198e-05,-0.018649536365853724,1.7706577860638646e-05,-3.302194678965696e-07
OxfordPets,0.3,25,3,0,0,1,,0.01000213623046875,8.0,0.112548828125,0.00023410021094605327,7.023006328381598e-05,0.11261905818828381,3.7092039585113525,0.00033801893005147576,2.8245158318895847e-06,0.00225279812348446,2.7338933137587133e-05,6.158909731955823e-08
OxfordPets,0.3,25,4,0,0,1,,0.01000213623046875,8.0,0.2135009765625,0.00023615031386725605,7.084509416017681e-05,0.21357182165666017,5.701791763305664,0.00033958733547478914,2.8685503821179736e-06,0.0014814931378789302,1.7867401138366942e-05,2.6470432191895572e-08
OxfordPets,0.3,25,5,0,0,1,,0.01000213623046875,8.0,0.03741455078125,0.00023437186609953642,7.031155982986092e-05,0.03748486234107986,6.383543968200684,0.0003382805734872818,-1.5019722923170775e-06,-0.000695541437634271,1.589777912578141e-05,-1.105756415346016e-08
OxfordPets,0.3,25,6,0,0,1,,0.01000213623046875,8.0,0.0285186767578125,0.00023335672449320555,7.000701734796166e-05,0.02858868377516046,3.2997381687164307,0.0003376249223947525,-2.320548446732573e-06,-0.002082939527704707,3.069561023921937e-05,-6.393709995169124e-08
OxfordPets,0.3,25,7,0,0,1,,0.01000213623046875,8.0,0.272705078125,0.00023544450232293457,7.063335069688036e-05,0.2727757114756969,8.31225872039795,0.0003390507190488279,-3.024403122253716e-05,-0.010731389439205074,1.2236772114062219e-05,-1.313175670814153e-07
OxfordPets,0.3,25,8,0,0,1,,0.01000213623046875,8.0,0.11846923828125,0.0002343639498576522,7.030918495729565e-05,0.11853954746620729,7.3892436027526855,0.0003382801660336554,-1.9488652469590306e-07,-7.796600683065954e-05,1.373402411205897e-05,-1.0707870181617352e-09
OxfordPets,0.3,25,9,0,0,1,,0.01000213623046875,8.0,0.000598907470703125,0.0002338553313165903,7.015659939497709e-05,0.000669064070098102,0.1715710610151291,0.0003378886613063514,3.6842948247794993e-07,0.006355309617957802,0.0005908140789685746,3.754806463157595e-06
OxfordPets,0.3,30,0,0,0,1,,0.01000213623046875,8.0,0.007110595703125,0.0002350473660044372,7.051420980133116e-05,0.0071811099129263315,0.7437565922737122,0.0003388600016478449,-2.9916973289800808e-06,-0.011870431746995177,0.00013668181438693765,-1.6224721551724866e-06
OxfordPets,0.3,30,1,0,0,1,,0.01000213623046875,8.0,0.0869140625,0.00023492505715694278,7.047751714708283e-05,0.08698454001714709,5.44950008392334,0.0003387346223462373,3.0698640330228955e-05,0.01663040739520945,1.864765302117244e-05,3.1011806687465305e-07
OxfordPets,0.3,30,2,0,0,1,,0.01000213623046875,8.0,0.1900634765625,0.0002353398158447817,7.060194475343451e-05,0.19013407850725345,7.532814979553223,0.0003389850025996566,-7.0144396886462346e-06,-0.0027469781202818866,1.3500331689537277e-05,-3.708511578223455e-08
OxfordPets,0.3,30,3,0,0,1,,0.01000213623046875,8.0,0.12384033203125,0.0002342042571399361,7.026127714198083e-05,0.12391059330839198,3.914533853530884,0.0003381056885700673,4.145545972278342e-06,0.003132197973845448,2.591156708978351e-05,8.11601579991169e-08
OxfordPets,0.3,30,4,0,0,1,,0.01000213623046875,8.0,0.273681640625,0.00023614554083906114,7.084366225171833e-05,0.27375248428725174,9.487160682678223,0.0003396224055904895,-2.276809755130671e-05,-0.0070663338733236315,1.0739432490393272e-05,-7.588841561069831e-08
OxfordPets,0.3,30,5,0,0,1,,0.01000213623046875,8.0,0.256103515625,0.0002344529639231041,7.033588917693123e-05,0.25617385151417693,32.67707824707031,0.0003383859293535352,8.15180319477804e-05,0.007372218050309164,3.1066357291340425e-06,2.2902796000129293e-08
OxfordPets,0.3,30,6,0,0,1,,0.01000213623046875,8.0,0.1324462890625,0.0002334726304979995,7.004178914939984e-05,0.1325163308516494,6.3877177238464355,0.0003376219538040459,1.676489773672074e-05,0.007773641593108999,1.585645930518781e-05,1.2326243163141948e-07
OxfordPets,0.3,30,7,0,0,1,,0.01000213623046875,8.0,0.0235137939453125,0.00023557653184980154,7.067295955494046e-05,0.02358446690486744,1.8273096084594727,0.00033914149389602244,1.016574606182985e-05,0.016403865113225603,5.567882295246386e-05,9.133479028494289e-07
OxfordPets,0.3,30,8,0,0,1,,0.01000213623046875,8.0,0.104248046875,0.00023445673286914825,7.033701986074448e-05,0.10431838389486074,7.369454860687256,0.000338362151524052,2.6232926757074893e-05,0.01052033587976866,1.377424075133495e-05,1.449096392509716e-07
OxfordPets,0.3,30,9,0,0,1,,0.01000213623046875,8.0,0.049560546875,0.00023383236839435995,7.014971051830798e-05,0.04963069658551831,4.47857141494751,0.000337916542775929,2.5640774765633978e-05,0.016942683045142588,2.2635557958149517e-05,3.8350708428835917e-07
OxfordPets,0.3,35,0,0,0,1,,0.01000213623046875,8.0,0.05364990234375,0.00023505381250288337,7.051614375086501e-05,0.053720418487500865,4.247143268585205,0.00033883308060467243,5.763104582001688e-06,0.0040047350133433635,2.3933716795769664e-05,9.584819371808432e-08
OxfordPets,0.3,35,1,0,0,1,,0.01000213623046875,8.0,0.0714111328125,0.00023499327653553337,7.049798296066001e-05,0.07148163079546066,5.21869421005249,0.00033876218367367983,-3.059210484934738e-07,-0.00017304242198724844,1.9473962453351386e-05,-3.3698216305233045e-09
OxfordPets,0.3,35,2,0,0,1,,0.01000213623046875,8.0,0.1163330078125,0.00023530916951131076,7.059275085339322e-05,0.11640360056335339,3.4460525512695312,0.0003389640187378973,1.4967140486987773e-06,0.0012813369164470572,2.950889578972822e-05,3.781083757134555e-08
OxfordPets,0.3,35,3,0,0,1,,0.01000213623046875,8.0,0.093017578125,0.00023422014783136547,7.026604434940964e-05,0.09308784416934941,6.653776168823242,0.0003381673013791442,-4.8415495257359e-06,-0.0021517141682135996,1.524700979408961e-05,-3.280720701141872e-08
OxfordPets,0.3,35,4,0,0,1,,0.01000213623046875,8.0,0.06500244140625,0.0002360995567869395,7.082986703608184e-05,0.06507327127328608,3.891996145248413,0.00033951509976759553,-8.459892342216335e-06,-0.006402260491906597,2.6170254576074727e-05,-1.6754878706237027e-07
OxfordPets,0.3,35,5,0,0,1,,0.01000213623046875,8.0,0.428955078125,0.00023518732632510364,7.055619789753109e-05,0.42902563432289753,8.083822250366211,0.00033889562473632395,-3.090296740992926e-05,-0.011280217308105196,1.2576808874821418e-05,-1.4186913720229215e-07
OxfordPets,0.3,35,6,0,0,1,,0.01000213623046875,8.0,0.067138671875,0.0002332191652385518,6.996574957156554e-05,0.06720863762457156,4.104054927825928,0.0003374294610694051,5.056037480244413e-06,0.0036510192387950884,2.466556615372143e-05,9.005445662805581e-08
OxfordPets,0.3,35,7,0,0,1,,0.01000213623046875,8.0,0.043609619140625,0.00023548056196887046,7.064416859066114e-05,0.043680263309215664,5.78598690032959,0.0003391296195331961,-7.666548299312126e-06,-0.003907119614610908,1.7583670273112066e-05,-6.87015030559492e-08
OxfordPets,0.3,35,8,0,0,1,,0.01000213623046875,8.0,0.0540771484375,0.0002343604137422517,7.030812412267551e-05,0.054147456561622676,5.542503356933594,0.0003383060684427619,2.216971552115865e-05,0.011823454030299576,1.8311548770799644e-05,2.1650575523063622e-07
OxfordPets,0.3,35,9,0,0,1,,0.01000213623046875,8.0,0.111328125,0.00023377884645015,7.0133653935045e-05,0.11139825865393505,5.685222625732422,0.00033783249091356993,5.086536475573666e-06,0.002648337144717559,1.782687397593271e-05,4.721157254924924e-08
OxfordPets,0.3,40,0,0,0,1,,0.01000213623046875,8.0,0.028656005859375,0.00023504332057200372,7.051299617160112e-05,0.028726518855546602,2.8017871379852295,0.0003388308978173882,-1.3667369785252959e-05,-0.014396827485055006,3.628015417983407e-05,-5.223191214085847e-07
OxfordPets,0.3,40,1,0,0,1,,0.01000213623046875,8.0,0.0977783203125,0.00023498809605371207,7.049642881611362e-05,0.09784881674131611,5.018115520477295,0.0003387944889254868,-7.366716090473346e-07,-0.0004333082325585546,2.0254285949152187e-05,-8.776348851526325e-09
OxfordPets,0.3,40,2,0,0,1,,0.01000213623046875,8.0,0.1702880859375,0.00023511108884122223,7.053332665236667e-05,0.17035861926415236,14.794432640075684,0.0003388715267647058,-5.5633936426602304e-05,-0.011097020687276122,6.87160234546749e-06,-7.625431339760274e-08
OxfordPets,0.3,40,3,0,0,1,,0.01000213623046875,8.0,0.1346435546875,0.0002341779909329489,7.025339727988467e-05,0.1347138080847799,5.430171489715576,0.0003380863054189831,-1.8887749320128933e-05,-0.01028819258301193,1.8678211510957047e-05,-1.9216503723565788e-07
OxfordPets,0.3,40,4,0,0,1,,0.01000213623046875,8.0,0.18701171875,0.00023622976732440293,7.086893019732088e-05,0.1870825876801973,10.577661514282227,0.0003395942330826074,-3.929886588593945e-06,-0.001094032050739533,9.631454909690006e-06,-1.053712036938781e-08
OxfordPets,0.3,40,5,0,0,1,,0.01000213623046875,8.0,0.43798828125,0.00023550256446469575,7.065076933940872e-05,0.43805893201933943,7.1696696281433105,0.00033913037623278797,-2.3735030481475405e-05,-0.009761666307995907,1.4190209332723327e-05,-1.385200884036411e-07
OxfordPets,0.3,40,6,0,0,1,,0.01000213623046875,8.0,0.0224609375,0.00023317753220908344,6.995325966272502e-05,0.022530890759662726,2.277796506881714,0.0003374388616066426,8.278714631160256e-06,0.010770922281709677,4.444280170599335e-05,4.786899637796004e-07
OxfordPets,0.3,40,7,0,0,1,,0.01000213623046875,8.0,0.025390625,0.000235515515669249,7.065465470077469e-05,0.025461279654700776,2.0571110248565674,0.00033910656929947436,-2.729562538661412e-06,-0.003912903284966565,4.945380660574027e-05,-1.9350796259914964e-07
OxfordPets,0.3,40,8,0,0,1,,0.01000213623046875,8.0,0.02679443359375,0.00023437364143319428,7.031209242995829e-05,0.02686474568617996,2.0988733768463135,0.0003382953582331538,1.0823965567396954e-05,0.015244181952027782,4.835384954112414e-05,7.37114881524188e-07
OxfordPets,0.3,40,9,0,0,1,,0.01000213623046875,8.0,0.00023174285888671875,0.00023380435595754534,7.01413067872636e-05,0.00030188416567398233,0.10641809552907944,0.0003378507972229272,5.084122562948323e-07,0.014140851740173346,0.0009524248546454185,1.3468099036732662e-05
OxfordPets,0.3,45,0,0,0,1,,0.01000213623046875,8.0,0.006122589111328125,0.00023493589833378792,7.048076950013637e-05,0.006193069880828262,0.522642195224762,0.0003387238539289683,-3.181904503435362e-06,-0.01797367512336477,0.0001944296826910343,-3.494615970761536e-06
OxfordPets,0.3,45,1,0,0,1,,0.01000213623046875,8.0,0.1561279296875,0.000235074752708897,7.05224258126691e-05,0.15619845211331268,5.6372575759887695,0.0003388382901903242,5.556506584980525e-05,0.02908984938221752,1.803208132444607e-05,5.245505300507269e-07
OxfordPets,0.3,45,2,0,0,1,,0.01000213623046875,8.0,0.1522216796875,0.000235192128457129,7.05576385371387e-05,0.15229223732603714,4.772197723388672,0.00033886288292706013,-6.447936357290018e-06,-0.003987294479161085,2.1302316201163218e-05,-8.493860783478049e-08
OxfordPets,0.3,45,3,0,0,1,,0.01000213623046875,8.0,0.297607421875,0.0002342540246900171,7.027620740700513e-05,0.297677698082407,22.221370697021484,0.00033817332587204874,0.0001774746779119596,0.02361708015418596,4.565514843564917e-06,1.0782413001995151e-07
OxfordPets,0.3,45,4,0,0,1,,0.01000213623046875,8.0,0.04522705078125,0.00023623151355423033,7.08694540662691e-05,0.04529792023531627,4.219148635864258,0.00033963518217206,7.287226253538392e-07,0.0005085395757305871,2.414955325002965e-05,1.2281003572425827e-08
OxfordPets,0.3,45,5,0,0,1,,0.01000213623046875,8.0,0.06134033203125,0.0002356019103899598,7.068057311698794e-05,0.06141101260436699,2.1587717533111572,0.00033916495158337057,-8.094729309959803e-06,-0.011055659025841194,4.713304466713496e-05,-5.210868714014089e-07
OxfordPets,0.3,45,6,0,0,1,,0.01000213623046875,8.0,0.037445068359375,0.00023324665380641818,6.997399614192545e-05,0.03751504235551693,2.8817901611328125,0.0003374185471329838,7.625404577993322e-06,0.007842085717059534,3.512593161886184e-05,2.7546056693003667e-07
OxfordPets,0.3,45,7,0,0,1,,0.01000213623046875,8.0,0.055023193359375,0.00023548195895273238,7.064458768581971e-05,0.05509383794706082,5.584651470184326,0.00033910604543052614,2.822865644702688e-05,0.014905913653402238,1.8216322750358113e-05,2.7153093414276444e-07
OxfordPets,0.3,45,8,0,0,1,,0.01000213623046875,8.0,0.039093017578125,0.0002342967491131276,7.028902473393828e-05,0.03916330660285894,2.9835216999053955,0.0003382411669008434,9.973884516512044e-06,0.009883452289508703,3.4010930798135834e-05,3.361454121983302e-07
OxfordPets,0.3,45,9,0,0,1,,0.01000213623046875,8.0,0.0003712177276611328,0.00023367020185105503,7.010106055531651e-05,0.0004413187882164493,0.11585886031389236,0.00033774800249375403,1.8551520497567253e-07,0.0047408635758222645,0.0008745502974285867,4.14612375598532e-06
