dataset,round,client,is_selected,is_valid_residual,is_core,fedavg_weight,residual_norm,clipped_residual_norm,support,alpha,residual_cos_to_rcon
DescribableTextures,0,0,1,1,0,0.10638298094272614,0.008843527175486088,0.0,0.0,0.0,0.2430533766746521
DescribableTextures,0,1,1,1,0,0.10638298094272614,0.009766229428350925,0.0,0.0,0.0,0.3771715462207794
DescribableTextures,0,2,1,1,0,0.10638298094272614,0.013247599825263023,0.0,0.0,0.0,-0.10280033200979233
DescribableTextures,0,3,1,1,1,0.10638298094272614,0.0162808820605278,0.01628088392317295,0.4043453335762024,0.26200616359710693,0.7671478986740112
DescribableTextures,0,4,1,1,1,0.10638298094272614,0.011988083831965923,0.011988083831965923,0.45383012294769287,0.29407113790512085,0.7578385472297668
DescribableTextures,0,5,1,1,0,0.10638298094272614,0.012199130840599537,0.0,0.0,0.0,-0.4382604956626892
DescribableTextures,0,6,1,1,0,0.10638298094272614,0.00982721708714962,0.0,0.0,0.0,-0.155792698264122
DescribableTextures,0,7,1,1,1,0.10638298094272614,0.016474075615406036,0.0162808820605278,0.685090959072113,0.44392266869544983,0.9405471086502075
DescribableTextures,0,8,1,1,0,0.10638298094272614,0.008271792903542519,0.0,0.0,0.0,0.05024893581867218
DescribableTextures,0,9,1,1,0,0.042553190141916275,0.0043347119353711605,0.0,0.0,0.0,0.3074199855327606
DescribableTextures,1,0,1,1,0,0.10638298094272614,0.003906453028321266,0.0,0.0,0.0,0.0
DescribableTextures,1,1,1,1,0,0.10638298094272614,0.0064367447048425674,0.0,0.0,0.0,0.0
DescribableTextures,1,2,1,1,0,0.10638298094272614,0.010667671449482441,0.0,0.0,0.0,0.0
DescribableTextures,1,3,1,1,0,0.10638298094272614,0.01179977972060442,0.0,0.0,0.0,0.0
DescribableTextures,1,4,1,1,0,0.10638298094272614,0.008324961178004742,0.0,0.0,0.0,0.0
DescribableTextures,1,5,1,1,0,0.10638298094272614,0.006393508519977331,0.0,0.0,0.0,0.0
DescribableTextures,1,6,1,1,0,0.10638298094272614,0.01475836243480444,0.0,0.0,0.0,0.0
DescribableTextures,1,7,1,1,0,0.10638298094272614,0.013126800768077374,0.0,0.0,0.0,0.0
DescribableTextures,1,8,1,1,0,0.10638298094272614,0.007809916045516729,0.0,0.0,0.0,0.0
DescribableTextures,1,9,1,1,0,0.042553190141916275,0.007740465924143791,0.0,0.0,0.0,0.0
DescribableTextures,2,0,1,1,0,0.10638298094272614,0.007131137885153294,0.0,0.0,0.0,0.0
DescribableTextures,2,1,1,1,0,0.10638298094272614,0.015203997492790222,0.0,0.0,0.0,0.0
DescribableTextures,2,2,1,1,0,0.10638298094272614,0.008717014454305172,0.0,0.0,0.0,0.0
DescribableTextures,2,3,1,1,0,0.10638298094272614,0.008836436085402966,0.0,0.0,0.0,0.0
DescribableTextures,2,4,1,1,0,0.10638298094272614,0.021301258355379105,0.0,0.0,0.0,0.0
DescribableTextures,2,5,1,1,0,0.10638298094272614,0.010135750286281109,0.0,0.0,0.0,0.0
DescribableTextures,2,6,1,1,0,0.10638298094272614,0.007506643421947956,0.0,0.0,0.0,0.0
DescribableTextures,2,7,1,1,0,0.10638298094272614,0.01668311282992363,0.0,0.0,0.0,0.0
DescribableTextures,2,8,1,1,0,0.10638298094272614,0.008541177026927471,0.0,0.0,0.0,0.0
DescribableTextures,2,9,1,1,0,0.042553190141916275,0.017353923991322517,0.0,0.0,0.0,0.0
DescribableTextures,3,0,1,1,0,0.10638298094272614,0.004347705747932196,0.0,0.0,0.0,0.0
DescribableTextures,3,1,1,1,0,0.10638298094272614,0.008622135035693645,0.0,0.0,0.0,0.0
DescribableTextures,3,2,1,1,0,0.10638298094272614,0.006642315536737442,0.0,0.0,0.0,0.0
DescribableTextures,3,3,1,1,0,0.10638298094272614,0.009851129725575447,0.0,0.0,0.0,0.0
DescribableTextures,3,4,1,1,0,0.10638298094272614,0.0068830265663564205,0.0,0.0,0.0,0.0
DescribableTextures,3,5,1,1,0,0.10638298094272614,0.0054583498276770115,0.0,0.0,0.0,0.0
DescribableTextures,3,6,1,1,0,0.10638298094272614,0.005407927092164755,0.0,0.0,0.0,0.0
DescribableTextures,3,7,1,1,0,0.10638298094272614,0.011231804266571999,0.0,0.0,0.0,0.0
DescribableTextures,3,8,1,1,0,0.10638298094272614,0.00543923070654273,0.0,0.0,0.0,0.0
DescribableTextures,3,9,1,1,0,0.042553190141916275,0.005456826183944941,0.0,0.0,0.0,0.0
DescribableTextures,4,0,1,1,0,0.10638298094272614,0.004200104158371687,0.0,0.0,0.0,0.0
DescribableTextures,4,1,1,1,0,0.10638298094272614,0.013777830637991428,0.0,0.0,0.0,0.0
DescribableTextures,4,2,1,1,0,0.10638298094272614,0.00650139432400465,0.0,0.0,0.0,0.0
DescribableTextures,4,3,1,1,0,0.10638298094272614,0.006590532138943672,0.0,0.0,0.0,0.0
DescribableTextures,4,4,1,1,0,0.10638298094272614,0.006264816503971815,0.0,0.0,0.0,0.0
DescribableTextures,4,5,1,1,0,0.10638298094272614,0.0027146944776177406,0.0,0.0,0.0,0.0
DescribableTextures,4,6,1,1,0,0.10638298094272614,0.004482223652303219,0.0,0.0,0.0,0.0
DescribableTextures,4,7,1,1,0,0.10638298094272614,0.007109099067747593,0.0,0.0,0.0,0.0
DescribableTextures,4,8,1,1,0,0.10638298094272614,0.0071689169853925705,0.0,0.0,0.0,0.0
DescribableTextures,4,9,1,1,0,0.042553190141916275,0.008281436748802662,0.0,0.0,0.0,0.0
DescribableTextures,5,0,1,1,0,0.10638298094272614,0.004544461145997047,0.0,0.0,0.0,0.0
DescribableTextures,5,1,1,1,0,0.10638298094272614,0.007089877501130104,0.0,0.0,0.0,0.0
DescribableTextures,5,2,1,1,0,0.10638298094272614,0.003829019144177437,0.0,0.0,0.0,0.0
DescribableTextures,5,3,1,1,0,0.10638298094272614,0.007519064471125603,0.0,0.0,0.0,0.0
DescribableTextures,5,4,1,1,0,0.10638298094272614,0.005372723564505577,0.0,0.0,0.0,0.0
DescribableTextures,5,5,1,1,0,0.10638298094272614,0.001752441399730742,0.0,0.0,0.0,0.0
DescribableTextures,5,6,1,1,0,0.10638298094272614,0.004224903881549835,0.0,0.0,0.0,0.0
DescribableTextures,5,7,1,1,0,0.10638298094272614,0.009301417507231236,0.0,0.0,0.0,0.0
DescribableTextures,5,8,1,1,0,0.10638298094272614,0.0073924195021390915,0.0,0.0,0.0,0.0
DescribableTextures,5,9,1,1,0,0.042553190141916275,0.006847980432212353,0.0,0.0,0.0,0.0
DescribableTextures,6,0,1,1,0,0.10638298094272614,0.004143234342336655,0.0,0.0,0.0,0.0
DescribableTextures,6,1,1,1,0,0.10638298094272614,0.006481447257101536,0.0,0.0,0.0,0.0
DescribableTextures,6,2,1,1,0,0.10638298094272614,0.0028933438006788492,0.0,0.0,0.0,0.0
DescribableTextures,6,3,1,1,0,0.10638298094272614,0.0070188650861382484,0.0,0.0,0.0,0.0
DescribableTextures,6,4,1,1,0,0.10638298094272614,0.0056060440838336945,0.0,0.0,0.0,0.0
DescribableTextures,6,5,1,1,0,0.10638298094272614,0.0020379831548780203,0.0,0.0,0.0,0.0
DescribableTextures,6,6,1,1,0,0.10638298094272614,0.003730321768671274,0.0,0.0,0.0,0.0
DescribableTextures,6,7,1,1,0,0.10638298094272614,0.011306569911539555,0.0,0.0,0.0,0.0
DescribableTextures,6,8,1,1,0,0.10638298094272614,0.008752766996622086,0.0,0.0,0.0,0.0
DescribableTextures,6,9,1,1,0,0.042553190141916275,0.010288276709616184,0.0,0.0,0.0,0.0
DescribableTextures,7,0,1,1,0,0.10638298094272614,0.005627085920423269,0.0,0.0,0.0,0.0
DescribableTextures,7,1,1,1,0,0.10638298094272614,0.006767175626009703,0.0,0.0,0.0,0.0
DescribableTextures,7,2,1,1,0,0.10638298094272614,0.003992353565990925,0.0,0.0,0.0,0.0
DescribableTextures,7,3,1,1,0,0.10638298094272614,0.002953013638034463,0.0,0.0,0.0,0.0
DescribableTextures,7,4,1,1,0,0.10638298094272614,0.008479837328195572,0.0,0.0,0.0,0.0
DescribableTextures,7,5,1,1,0,0.10638298094272614,0.0012736383359879255,0.0,0.0,0.0,0.0
DescribableTextures,7,6,1,1,0,0.10638298094272614,0.0035999431274831295,0.0,0.0,0.0,0.0
DescribableTextures,7,7,1,1,0,0.10638298094272614,0.015162861905992031,0.0,0.0,0.0,0.0
DescribableTextures,7,8,1,1,0,0.10638298094272614,0.006535491440445185,0.0,0.0,0.0,0.0
DescribableTextures,7,9,1,1,0,0.042553190141916275,0.005770313553512096,0.0,0.0,0.0,0.0
DescribableTextures,8,0,1,1,0,0.10638298094272614,0.005053297150880098,0.0,0.0,0.0,0.0
DescribableTextures,8,1,1,1,0,0.10638298094272614,0.008293671533465385,0.0,0.0,0.0,0.0
DescribableTextures,8,2,1,1,0,0.10638298094272614,0.005668928846716881,0.0,0.0,0.0,0.0
DescribableTextures,8,3,1,1,0,0.10638298094272614,0.0025467458181083202,0.0,0.0,0.0,0.0
DescribableTextures,8,4,1,1,0,0.10638298094272614,0.005642751697450876,0.0,0.0,0.0,0.0
DescribableTextures,8,5,1,1,0,0.10638298094272614,0.0017213724786415696,0.0,0.0,0.0,0.0
DescribableTextures,8,6,1,1,0,0.10638298094272614,0.0027071016374975443,0.0,0.0,0.0,0.0
DescribableTextures,8,7,1,1,0,0.10638298094272614,0.00900145061314106,0.0,0.0,0.0,0.0
DescribableTextures,8,8,1,1,0,0.10638298094272614,0.003592374036088586,0.0,0.0,0.0,0.0
DescribableTextures,8,9,1,1,0,0.042553190141916275,0.0032296304125338793,0.0,0.0,0.0,0.0
DescribableTextures,9,0,1,1,0,0.10638298094272614,0.004598443396389484,0.0,0.0,0.0,0.0
DescribableTextures,9,1,1,1,0,0.10638298094272614,0.006218765862286091,0.0,0.0,0.0,0.0
DescribableTextures,9,2,1,1,0,0.10638298094272614,0.004273707512766123,0.0,0.0,0.0,0.0
DescribableTextures,9,3,1,1,0,0.10638298094272614,0.0017305765068158507,0.0,0.0,0.0,0.0
DescribableTextures,9,4,1,1,0,0.10638298094272614,0.003038158407434821,0.0,0.0,0.0,0.0
DescribableTextures,9,5,1,1,0,0.10638298094272614,0.001410154509358108,0.0,0.0,0.0,0.0
DescribableTextures,9,6,1,1,0,0.10638298094272614,0.002974890638142824,0.0,0.0,0.0,0.0
DescribableTextures,9,7,1,1,0,0.10638298094272614,0.01049310714006424,0.0,0.0,0.0,0.0
DescribableTextures,9,8,1,1,0,0.10638298094272614,0.002648289781063795,0.0,0.0,0.0,0.0
DescribableTextures,9,9,1,1,0,0.042553190141916275,0.0013409126549959183,0.0,0.0,0.0,0.0
DescribableTextures,10,0,1,1,0,0.10638298094272614,0.0035662346053868532,0.0,0.0,0.0,0.0
DescribableTextures,10,1,1,1,0,0.10638298094272614,0.005621579475700855,0.0,0.0,0.0,0.0
DescribableTextures,10,2,1,1,0,0.10638298094272614,0.004283948335796595,0.0,0.0,0.0,0.0
DescribableTextures,10,3,1,1,0,0.10638298094272614,0.0022327108308672905,0.0,0.0,0.0,0.0
DescribableTextures,10,4,1,1,0,0.10638298094272614,0.0031601623632013798,0.0,0.0,0.0,0.0
DescribableTextures,10,5,1,1,0,0.10638298094272614,0.0014758750330656767,0.0,0.0,0.0,0.0
DescribableTextures,10,6,1,1,0,0.10638298094272614,0.0029337615706026554,0.0,0.0,0.0,0.0
DescribableTextures,10,7,1,1,0,0.10638298094272614,0.02130565419793129,0.0,0.0,0.0,0.0
DescribableTextures,10,8,1,1,0,0.10638298094272614,0.005759123712778091,0.0,0.0,0.0,0.0
DescribableTextures,10,9,1,1,0,0.042553190141916275,0.002126607345417142,0.0,0.0,0.0,0.0
DescribableTextures,11,0,1,1,0,0.10638298094272614,0.002726570935919881,0.0,0.0,0.0,0.0
DescribableTextures,11,1,1,1,0,0.10638298094272614,0.002909674309194088,0.0,0.0,0.0,0.0
DescribableTextures,11,2,1,1,0,0.10638298094272614,0.0028150782454758883,0.0,0.0,0.0,0.0
DescribableTextures,11,3,1,1,0,0.10638298094272614,0.001020086812786758,0.0,0.0,0.0,0.0
DescribableTextures,11,4,1,1,0,0.10638298094272614,0.004400985781103373,0.0,0.0,0.0,0.0
DescribableTextures,11,5,1,1,0,0.10638298094272614,0.0013922788202762604,0.0,0.0,0.0,0.0
DescribableTextures,11,6,1,1,0,0.10638298094272614,0.0025420845486223698,0.0,0.0,0.0,0.0
DescribableTextures,11,7,1,1,0,0.10638298094272614,0.005298384465277195,0.0,0.0,0.0,0.0
DescribableTextures,11,8,1,1,0,0.10638298094272614,0.006003404501825571,0.0,0.0,0.0,0.0
DescribableTextures,11,9,1,1,0,0.042553190141916275,0.00392009224742651,0.0,0.0,0.0,0.0
DescribableTextures,12,0,1,1,0,0.10638298094272614,0.0035943312104791403,0.0,0.0,0.0,0.0
DescribableTextures,12,1,1,1,0,0.10638298094272614,0.002573226112872362,0.0,0.0,0.0,0.0
DescribableTextures,12,2,1,1,0,0.10638298094272614,0.0026656067930161953,0.0,0.0,0.0,0.0
DescribableTextures,12,3,1,1,0,0.10638298094272614,0.0012014297535642982,0.0,0.0,0.0,0.0
DescribableTextures,12,4,1,1,0,0.10638298094272614,0.004118744283914566,0.0,0.0,0.0,0.0
DescribableTextures,12,5,1,1,0,0.10638298094272614,0.0020656376145780087,0.0,0.0,0.0,0.0
DescribableTextures,12,6,1,1,0,0.10638298094272614,0.002646501176059246,0.0,0.0,0.0,0.0
DescribableTextures,12,7,1,1,0,0.10638298094272614,0.005875193513929844,0.0,0.0,0.0,0.0
DescribableTextures,12,8,1,1,0,0.10638298094272614,0.003917092457413673,0.0,0.0,0.0,0.0
DescribableTextures,12,9,1,1,0,0.042553190141916275,0.003815791103988886,0.0,0.0,0.0,0.0
DescribableTextures,13,0,1,1,0,0.10638298094272614,0.003848432097584009,0.0,0.0,0.0,0.0
DescribableTextures,13,1,1,1,0,0.10638298094272614,0.003293603891506791,0.0,0.0,0.0,0.0
DescribableTextures,13,2,1,1,0,0.10638298094272614,0.0018001835560426116,0.0,0.0,0.0,0.0
DescribableTextures,13,3,1,1,0,0.10638298094272614,0.0017787354299798608,0.0,0.0,0.0,0.0
DescribableTextures,13,4,1,1,0,0.10638298094272614,0.0038576058577746153,0.0,0.0,0.0,0.0
DescribableTextures,13,5,1,1,0,0.10638298094272614,0.0014952365309000015,0.0,0.0,0.0,0.0
DescribableTextures,13,6,1,1,0,0.10638298094272614,0.0031958704348653555,0.0,0.0,0.0,0.0
DescribableTextures,13,7,1,1,0,0.10638298094272614,0.007801498752087355,0.0,0.0,0.0,0.0
DescribableTextures,13,8,1,1,0,0.10638298094272614,0.0023524737916886806,0.0,0.0,0.0,0.0
DescribableTextures,13,9,1,1,0,0.042553190141916275,0.000923838175367564,0.0,0.0,0.0,0.0
DescribableTextures,14,0,1,1,0,0.10638298094272614,0.01973072998225689,0.0,0.0,0.0,0.0
DescribableTextures,14,1,1,1,0,0.10638298094272614,0.00406392477452755,0.0,0.0,0.0,0.0
DescribableTextures,14,2,1,1,0,0.10638298094272614,0.0020141133572906256,0.0,0.0,0.0,0.0
DescribableTextures,14,3,1,1,0,0.10638298094272614,0.0023988974280655384,0.0,0.0,0.0,0.0
DescribableTextures,14,4,1,1,0,0.10638298094272614,0.005423305090516806,0.0,0.0,0.0,0.0
DescribableTextures,14,5,1,1,0,0.10638298094272614,0.0017608003690838814,0.0,0.0,0.0,0.0
DescribableTextures,14,6,1,1,0,0.10638298094272614,0.00202284031547606,0.0,0.0,0.0,0.0
DescribableTextures,14,7,1,1,0,0.10638298094272614,0.010082457214593887,0.0,0.0,0.0,0.0
DescribableTextures,14,8,1,1,0,0.10638298094272614,0.0028416672721505165,0.0,0.0,0.0,0.0
DescribableTextures,14,9,1,1,0,0.042553190141916275,0.000444758334197104,0.0,0.0,0.0,0.0
DescribableTextures,15,0,1,1,0,0.10638298094272614,0.0036677299067378044,0.0,0.0,0.0,0.0
DescribableTextures,15,1,1,1,0,0.10638298094272614,0.003398653818294406,0.0,0.0,0.0,0.0
DescribableTextures,15,2,1,1,0,0.10638298094272614,0.00199954048730433,0.0,0.0,0.0,0.0
DescribableTextures,15,3,1,1,0,0.10638298094272614,0.002121591940522194,0.0,0.0,0.0,0.0
DescribableTextures,15,4,1,1,0,0.10638298094272614,0.003495825920253992,0.0,0.0,0.0,0.0
DescribableTextures,15,5,1,1,0,0.10638298094272614,0.0013338943244889379,0.0,0.0,0.0,0.0
DescribableTextures,15,6,1,1,0,0.10638298094272614,0.0022415334824472666,0.0,0.0,0.0,0.0
DescribableTextures,15,7,1,1,0,0.10638298094272614,0.006343366112560034,0.0,0.0,0.0,0.0
DescribableTextures,15,8,1,1,0,0.10638298094272614,0.002644386375322938,0.0,0.0,0.0,0.0
DescribableTextures,15,9,1,1,0,0.042553190141916275,0.0007802236941643059,0.0,0.0,0.0,0.0
DescribableTextures,16,0,1,1,0,0.10638298094272614,0.0034905066713690758,0.0,0.0,0.0,0.0
DescribableTextures,16,1,1,1,0,0.10638298094272614,0.0016443377826362848,0.0,0.0,0.0,0.0
DescribableTextures,16,2,1,1,0,0.10638298094272614,0.0026583008002489805,0.0,0.0,0.0,0.0
DescribableTextures,16,3,1,1,0,0.10638298094272614,0.0011025721905753016,0.0,0.0,0.0,0.0
DescribableTextures,16,4,1,1,0,0.10638298094272614,0.0020534363575279713,0.0,0.0,0.0,0.0
DescribableTextures,16,5,1,1,0,0.10638298094272614,0.0012507213978096843,0.0,0.0,0.0,0.0
DescribableTextures,16,6,1,1,0,0.10638298094272614,0.0017040660604834557,0.0,0.0,0.0,0.0
DescribableTextures,16,7,1,1,0,0.10638298094272614,0.0036444393917918205,0.0,0.0,0.0,0.0
DescribableTextures,16,8,1,1,0,0.10638298094272614,0.0019011023687198758,0.0,0.0,0.0,0.0
DescribableTextures,16,9,1,1,0,0.042553190141916275,0.0005657294532284141,0.0,0.0,0.0,0.0
DescribableTextures,17,0,1,1,0,0.10638298094272614,0.0043424079194664955,0.0,0.0,0.0,0.0
DescribableTextures,17,1,1,1,0,0.10638298094272614,0.0015369203174486756,0.0,0.0,0.0,0.0
DescribableTextures,17,2,1,1,0,0.10638298094272614,0.002520322799682617,0.0,0.0,0.0,0.0
DescribableTextures,17,3,1,1,0,0.10638298094272614,0.0018771893810480833,0.0,0.0,0.0,0.0
DescribableTextures,17,4,1,1,0,0.10638298094272614,0.0021788787562400103,0.0,0.0,0.0,0.0
DescribableTextures,17,5,1,1,0,0.10638298094272614,0.001493176445364952,0.0,0.0,0.0,0.0
DescribableTextures,17,6,1,1,0,0.10638298094272614,0.0015797163359820843,0.0,0.0,0.0,0.0
DescribableTextures,17,7,1,1,0,0.10638298094272614,0.003351531457155943,0.0,0.0,0.0,0.0
DescribableTextures,17,8,1,1,0,0.10638298094272614,0.003468285547569394,0.0,0.0,0.0,0.0
DescribableTextures,17,9,1,1,0,0.042553190141916275,0.001084670308046043,0.0,0.0,0.0,0.0
DescribableTextures,18,0,1,1,0,0.10638298094272614,0.003267695428803563,0.0,0.0,0.0,0.0
DescribableTextures,18,1,1,1,0,0.10638298094272614,0.002687114989385009,0.0,0.0,0.0,0.0
DescribableTextures,18,2,1,1,0,0.10638298094272614,0.002344402950257063,0.0,0.0,0.0,0.0
DescribableTextures,18,3,1,1,0,0.10638298094272614,0.0011448165168985724,0.0,0.0,0.0,0.0
DescribableTextures,18,4,1,1,0,0.10638298094272614,0.002176266396418214,0.0,0.0,0.0,0.0
DescribableTextures,18,5,1,1,0,0.10638298094272614,0.0013294534292072058,0.0,0.0,0.0,0.0
DescribableTextures,18,6,1,1,0,0.10638298094272614,0.0018661008216440678,0.0,0.0,0.0,0.0
DescribableTextures,18,7,1,1,0,0.10638298094272614,0.0026166527532041073,0.0,0.0,0.0,0.0
DescribableTextures,18,8,1,1,0,0.10638298094272614,0.004285780712962151,0.0,0.0,0.0,0.0
DescribableTextures,18,9,1,1,0,0.042553190141916275,0.001619070884771645,0.0,0.0,0.0,0.0
DescribableTextures,19,0,1,1,0,0.10638298094272614,0.0018294424517080188,0.0,0.0,0.0,0.0
DescribableTextures,19,1,1,1,0,0.10638298094272614,0.004036269150674343,0.0,0.0,0.0,0.0
DescribableTextures,19,2,1,1,0,0.10638298094272614,0.0031852382235229015,0.0,0.0,0.0,0.0
DescribableTextures,19,3,1,1,0,0.10638298094272614,0.0007985315751284361,0.0,0.0,0.0,0.0
DescribableTextures,19,4,1,1,0,0.10638298094272614,0.001459478517062962,0.0,0.0,0.0,0.0
DescribableTextures,19,5,1,1,0,0.10638298094272614,0.0023856512270867825,0.0,0.0,0.0,0.0
DescribableTextures,19,6,1,1,0,0.10638298094272614,0.0016780615551397204,0.0,0.0,0.0,0.0
DescribableTextures,19,7,1,1,0,0.10638298094272614,0.002794881584122777,0.0,0.0,0.0,0.0
DescribableTextures,19,8,1,1,0,0.10638298094272614,0.0024719401262700558,0.0,0.0,0.0,0.0
DescribableTextures,19,9,1,1,0,0.042553190141916275,0.00040181181975640357,0.0,0.0,0.0,0.0
DescribableTextures,20,0,1,1,0,0.10638298094272614,0.0021740151569247246,0.0,0.0,0.0,0.0
DescribableTextures,20,1,1,1,0,0.10638298094272614,0.004898014944046736,0.0,0.0,0.0,0.0
DescribableTextures,20,2,1,1,0,0.10638298094272614,0.0030870307236909866,0.0,0.0,0.0,0.0
DescribableTextures,20,3,1,1,0,0.10638298094272614,0.0012709753355011344,0.0,0.0,0.0,0.0
DescribableTextures,20,4,1,1,0,0.10638298094272614,0.0022774075623601675,0.0,0.0,0.0,0.0
DescribableTextures,20,5,1,1,0,0.10638298094272614,0.0017945325234904885,0.0,0.0,0.0,0.0
DescribableTextures,20,6,1,1,0,0.10638298094272614,0.00420087855309248,0.0,0.0,0.0,0.0
DescribableTextures,20,7,1,1,0,0.10638298094272614,0.002784068463370204,0.0,0.0,0.0,0.0
DescribableTextures,20,8,1,1,0,0.10638298094272614,0.002279724692925811,0.0,0.0,0.0,0.0
DescribableTextures,20,9,1,1,0,0.042553190141916275,0.0004496796755120158,0.0,0.0,0.0,0.0
DescribableTextures,21,0,1,1,0,0.10638298094272614,0.002331189112737775,0.0,0.0,0.0,0.0
DescribableTextures,21,1,1,1,0,0.10638298094272614,0.00794640276581049,0.0,0.0,0.0,0.0
DescribableTextures,21,2,1,1,0,0.10638298094272614,0.0020976203959435225,0.0,0.0,0.0,0.0
DescribableTextures,21,3,1,1,0,0.10638298094272614,0.0010065321112051606,0.0,0.0,0.0,0.0
DescribableTextures,21,4,1,1,0,0.10638298094272614,0.0028653733897954226,0.0,0.0,0.0,0.0
DescribableTextures,21,5,1,1,0,0.10638298094272614,0.0006916249985806644,0.0,0.0,0.0,0.0
DescribableTextures,21,6,1,1,0,0.10638298094272614,0.002827771008014679,0.0,0.0,0.0,0.0
DescribableTextures,21,7,1,1,0,0.10638298094272614,0.0030426159501075745,0.0,0.0,0.0,0.0
DescribableTextures,21,8,1,1,0,0.10638298094272614,0.002821716945618391,0.0,0.0,0.0,0.0
DescribableTextures,21,9,1,1,0,0.042553190141916275,0.0002261961781186983,0.0,0.0,0.0,0.0
DescribableTextures,22,0,1,1,0,0.10638298094272614,0.0014682058244943619,0.0,0.0,0.0,0.0
DescribableTextures,22,1,1,1,0,0.10638298094272614,0.007704820949584246,0.0,0.0,0.0,0.0
DescribableTextures,22,2,1,1,0,0.10638298094272614,0.0030380680691450834,0.0,0.0,0.0,0.0
DescribableTextures,22,3,1,1,0,0.10638298094272614,0.0013247468741610646,0.0,0.0,0.0,0.0
DescribableTextures,22,4,1,1,0,0.10638298094272614,0.003451204625889659,0.0,0.0,0.0,0.0
DescribableTextures,22,5,1,1,0,0.10638298094272614,0.0007208815077319741,0.0,0.0,0.0,0.0
DescribableTextures,22,6,1,1,0,0.10638298094272614,0.003915579058229923,0.0,0.0,0.0,0.0
DescribableTextures,22,7,1,1,0,0.10638298094272614,0.0023664452601224184,0.0,0.0,0.0,0.0
DescribableTextures,22,8,1,1,0,0.10638298094272614,0.0038139342796057463,0.0,0.0,0.0,0.0
DescribableTextures,22,9,1,1,0,0.042553190141916275,0.00019126669212710112,0.0,0.0,0.0,0.0
DescribableTextures,23,0,1,1,0,0.10638298094272614,0.0015817012172192335,0.0,0.0,0.0,0.0
DescribableTextures,23,1,1,1,0,0.10638298094272614,0.007984057068824768,0.0,0.0,0.0,0.0
DescribableTextures,23,2,1,1,0,0.10638298094272614,0.0027358210645616055,0.0,0.0,0.0,0.0
DescribableTextures,23,3,1,1,0,0.10638298094272614,0.0008736940217204392,0.0,0.0,0.0,0.0
DescribableTextures,23,4,1,1,0,0.10638298094272614,0.002247612690553069,0.0,0.0,0.0,0.0
DescribableTextures,23,5,1,1,0,0.10638298094272614,0.0006479661678895354,0.0,0.0,0.0,0.0
DescribableTextures,23,6,1,1,0,0.10638298094272614,0.001732150441966951,0.0,0.0,0.0,0.0
DescribableTextures,23,7,1,1,0,0.10638298094272614,0.0016817910363897681,0.0,0.0,0.0,0.0
DescribableTextures,23,8,1,1,0,0.10638298094272614,0.002853034995496273,0.0,0.0,0.0,0.0
DescribableTextures,23,9,1,1,0,0.042553190141916275,0.00027074216632172465,0.0,0.0,0.0,0.0
DescribableTextures,24,0,1,1,0,0.10638298094272614,0.0017959335818886757,0.0,0.0,0.0,0.0
DescribableTextures,24,1,1,1,0,0.10638298094272614,0.00719161331653595,0.0,0.0,0.0,0.0
DescribableTextures,24,2,1,1,0,0.10638298094272614,0.0021281258668750525,0.0,0.0,0.0,0.0
DescribableTextures,24,3,1,1,0,0.10638298094272614,0.0015386526938527822,0.0,0.0,0.0,0.0
DescribableTextures,24,4,1,1,0,0.10638298094272614,0.0022220762912184,0.0,0.0,0.0,0.0
DescribableTextures,24,5,1,1,0,0.10638298094272614,0.0014658375876024365,0.0,0.0,0.0,0.0
DescribableTextures,24,6,1,1,0,0.10638298094272614,0.0017266268841922283,0.0,0.0,0.0,0.0
DescribableTextures,24,7,1,1,0,0.10638298094272614,0.0019684252329170704,0.0,0.0,0.0,0.0
DescribableTextures,24,8,1,1,0,0.10638298094272614,0.008301794528961182,0.0,0.0,0.0,0.0
DescribableTextures,24,9,1,1,0,0.042553190141916275,0.00040107531822286546,0.0,0.0,0.0,0.0
DescribableTextures,25,0,1,1,0,0.10638298094272614,0.0014529345789924264,0.0,0.0,0.0,0.0
DescribableTextures,25,1,1,1,0,0.10638298094272614,0.00497043551877141,0.0,0.0,0.0,0.0
DescribableTextures,25,2,1,1,0,0.10638298094272614,0.0019703053403645754,0.0,0.0,0.0,0.0
DescribableTextures,25,3,1,1,0,0.10638298094272614,0.0014033023035153747,0.0,0.0,0.0,0.0
DescribableTextures,25,4,1,1,0,0.10638298094272614,0.002084895968437195,0.0,0.0,0.0,0.0
DescribableTextures,25,5,1,1,0,0.10638298094272614,0.0011990107595920563,0.0,0.0,0.0,0.0
DescribableTextures,25,6,1,1,0,0.10638298094272614,0.0017443322576582432,0.0,0.0,0.0,0.0
DescribableTextures,25,7,1,1,0,0.10638298094272614,0.001613577245734632,0.0,0.0,0.0,0.0
DescribableTextures,25,8,1,1,0,0.10638298094272614,0.006483077071607113,0.0,0.0,0.0,0.0
DescribableTextures,25,9,1,1,0,0.042553190141916275,0.00016455151489935815,0.0,0.0,0.0,0.0
DescribableTextures,26,0,1,1,0,0.10638298094272614,0.0016634020721539855,0.0,0.0,0.0,0.0
DescribableTextures,26,1,1,1,0,0.10638298094272614,0.0057498859241604805,0.0,0.0,0.0,0.0
DescribableTextures,26,2,1,1,0,0.10638298094272614,0.002014156896620989,0.0,0.0,0.0,0.0
DescribableTextures,26,3,1,1,0,0.10638298094272614,0.0009012787486426532,0.0,0.0,0.0,0.0
DescribableTextures,26,4,1,1,0,0.10638298094272614,0.0019481891067698598,0.0,0.0,0.0,0.0
DescribableTextures,26,5,1,1,0,0.10638298094272614,0.0007980461232364178,0.0,0.0,0.0,0.0
DescribableTextures,26,6,1,1,0,0.10638298094272614,0.0012514801928773522,0.0,0.0,0.0,0.0
DescribableTextures,26,7,1,1,0,0.10638298094272614,0.0021551393438130617,0.0,0.0,0.0,0.0
DescribableTextures,26,8,1,1,0,0.10638298094272614,0.0031130416318774223,0.0,0.0,0.0,0.0
DescribableTextures,26,9,1,1,0,0.042553190141916275,0.00025243478012271225,0.0,0.0,0.0,0.0
DescribableTextures,27,0,1,1,0,0.10638298094272614,0.0011694619897753,0.0,0.0,0.0,0.0
DescribableTextures,27,1,1,1,0,0.10638298094272614,0.005557055585086346,0.0,0.0,0.0,0.0
DescribableTextures,27,2,1,1,0,0.10638298094272614,0.0017374649178236723,0.0,0.0,0.0,0.0
DescribableTextures,27,3,1,1,0,0.10638298094272614,0.0010166052961722016,0.0,0.0,0.0,0.0
DescribableTextures,27,4,1,1,0,0.10638298094272614,0.003992734011262655,0.0,0.0,0.0,0.0
DescribableTextures,27,5,1,1,0,0.10638298094272614,0.0011455764761194587,0.0,0.0,0.0,0.0
DescribableTextures,27,6,1,1,0,0.10638298094272614,0.002613125601783395,0.0,0.0,0.0,0.0
DescribableTextures,27,7,1,1,0,0.10638298094272614,0.0024993668776005507,0.0,0.0,0.0,0.0
DescribableTextures,27,8,1,1,0,0.10638298094272614,0.0021583617199212313,0.0,0.0,0.0,0.0
DescribableTextures,27,9,1,1,0,0.042553190141916275,0.00043838232522830367,0.0,0.0,0.0,0.0
DescribableTextures,28,0,1,1,0,0.10638298094272614,0.0017378891352564096,0.0,0.0,0.0,0.0
DescribableTextures,28,1,1,1,0,0.10638298094272614,0.0018221577629446983,0.0,0.0,0.0,0.0
DescribableTextures,28,2,1,1,0,0.10638298094272614,0.0019333144882693887,0.0,0.0,0.0,0.0
DescribableTextures,28,3,1,1,0,0.10638298094272614,0.0008595556137152016,0.0,0.0,0.0,0.0
DescribableTextures,28,4,1,1,0,0.10638298094272614,0.002911318326368928,0.0,0.0,0.0,0.0
DescribableTextures,28,5,1,1,0,0.10638298094272614,0.0007750610820949078,0.0,0.0,0.0,0.0
DescribableTextures,28,6,1,1,0,0.10638298094272614,0.002642018022015691,0.0,0.0,0.0,0.0
DescribableTextures,28,7,1,1,0,0.10638298094272614,0.0017671845853328705,0.0,0.0,0.0,0.0
DescribableTextures,28,8,1,1,0,0.10638298094272614,0.0024720339570194483,0.0,0.0,0.0,0.0
DescribableTextures,28,9,1,1,0,0.042553190141916275,0.0001785483764251694,0.0,0.0,0.0,0.0
DescribableTextures,29,0,1,1,0,0.10638298094272614,0.0021863041911274195,0.0,0.0,0.0,0.0
DescribableTextures,29,1,1,1,0,0.10638298094272614,0.001745024579577148,0.0,0.0,0.0,0.0
DescribableTextures,29,2,1,1,0,0.10638298094272614,0.0022723847068846226,0.0,0.0,0.0,0.0
DescribableTextures,29,3,1,1,0,0.10638298094272614,0.0005851173773407936,0.0,0.0,0.0,0.0
DescribableTextures,29,4,1,1,0,0.10638298094272614,0.001804474857635796,0.0,0.0,0.0,0.0
DescribableTextures,29,5,1,1,0,0.10638298094272614,0.0013621400576084852,0.0,0.0,0.0,0.0
DescribableTextures,29,6,1,1,0,0.10638298094272614,0.002591916127130389,0.0,0.0,0.0,0.0
DescribableTextures,29,7,1,1,0,0.10638298094272614,0.001777499564923346,0.0,0.0,0.0,0.0
DescribableTextures,29,8,1,1,0,0.10638298094272614,0.002399357268586755,0.0,0.0,0.0,0.0
DescribableTextures,29,9,1,1,0,0.042553190141916275,0.00017407072300557047,0.0,0.0,0.0,0.0
DescribableTextures,30,0,1,1,0,0.10638298094272614,0.0009539201273582876,0.0,0.0,0.0,0.0
DescribableTextures,30,1,1,1,0,0.10638298094272614,0.0014229945372790098,0.0,0.0,0.0,0.0
DescribableTextures,30,2,1,1,0,0.10638298094272614,0.0033086801413446665,0.0,0.0,0.0,0.0
DescribableTextures,30,3,1,1,0,0.10638298094272614,0.001254020957276225,0.0,0.0,0.0,0.0
DescribableTextures,30,4,1,1,0,0.10638298094272614,0.0022999728098511696,0.0,0.0,0.0,0.0
DescribableTextures,30,5,1,1,0,0.10638298094272614,0.001121200155466795,0.0,0.0,0.0,0.0
DescribableTextures,30,6,1,1,0,0.10638298094272614,0.0029272681567817926,0.0,0.0,0.0,0.0
DescribableTextures,30,7,1,1,0,0.10638298094272614,0.003209733869880438,0.0,0.0,0.0,0.0
DescribableTextures,30,8,1,1,0,0.10638298094272614,0.003018999705091119,0.0,0.0,0.0,0.0
DescribableTextures,30,9,1,1,0,0.042553190141916275,0.0001237971882801503,0.0,0.0,0.0,0.0
DescribableTextures,31,0,1,1,0,0.10638298094272614,0.0011885548010468483,0.0,0.0,0.0,0.0
DescribableTextures,31,1,1,1,0,0.10638298094272614,0.0010174352210015059,0.0,0.0,0.0,0.0
DescribableTextures,31,2,1,1,0,0.10638298094272614,0.003038891591131687,0.0,0.0,0.0,0.0
DescribableTextures,31,3,1,1,0,0.10638298094272614,0.0011821866501122713,0.0,0.0,0.0,0.0
DescribableTextures,31,4,1,1,0,0.10638298094272614,0.003283867845311761,0.0,0.0,0.0,0.0
DescribableTextures,31,5,1,1,0,0.10638298094272614,0.0010117104975506663,0.0,0.0,0.0,0.0
DescribableTextures,31,6,1,1,0,0.10638298094272614,0.0012717153877019882,0.0,0.0,0.0,0.0
DescribableTextures,31,7,1,1,0,0.10638298094272614,0.0019296747632324696,0.0,0.0,0.0,0.0
DescribableTextures,31,8,1,1,0,0.10638298094272614,0.004225416108965874,0.0,0.0,0.0,0.0
DescribableTextures,31,9,1,1,0,0.042553190141916275,0.00017912607290782034,0.0,0.0,0.0,0.0
DescribableTextures,32,0,1,1,0,0.10638298094272614,0.0014800397912040353,0.0,0.0,0.0,0.0
DescribableTextures,32,1,1,1,0,0.10638298094272614,0.0009823109721764922,0.0,0.0,0.0,0.0
DescribableTextures,32,2,1,1,0,0.10638298094272614,0.002364479936659336,0.0,0.0,0.0,0.0
DescribableTextures,32,3,1,1,0,0.10638298094272614,0.0006743248668499291,0.0,0.0,0.0,0.0
DescribableTextures,32,4,1,1,0,0.10638298094272614,0.003114390419796109,0.0,0.0,0.0,0.0
DescribableTextures,32,5,1,1,0,0.10638298094272614,0.0005234149284660816,0.0,0.0,0.0,0.0
DescribableTextures,32,6,1,1,0,0.10638298094272614,0.0015805322909727693,0.0,0.0,0.0,0.0
DescribableTextures,32,7,1,1,0,0.10638298094272614,0.0018129872623831034,0.0,0.0,0.0,0.0
DescribableTextures,32,8,1,1,0,0.10638298094272614,0.002878011902794242,0.0,0.0,0.0,0.0
DescribableTextures,32,9,1,1,0,0.042553190141916275,8.446848369203508e-05,0.0,0.0,0.0,0.0
DescribableTextures,33,0,1,1,0,0.10638298094272614,0.0011225445196032524,0.0,0.0,0.0,0.0
DescribableTextures,33,1,1,1,0,0.10638298094272614,0.0018197086174041033,0.0,0.0,0.0,0.0
DescribableTextures,33,2,1,1,0,0.10638298094272614,0.0018514532130211592,0.0,0.0,0.0,0.0
DescribableTextures,33,3,1,1,0,0.10638298094272614,0.0005950891645625234,0.0,0.0,0.0,0.0
DescribableTextures,33,4,1,1,0,0.10638298094272614,0.0014961896231397986,0.0,0.0,0.0,0.0
DescribableTextures,33,5,1,1,0,0.10638298094272614,0.0004998144577257335,0.0,0.0,0.0,0.0
DescribableTextures,33,6,1,1,0,0.10638298094272614,0.0014073043130338192,0.0,0.0,0.0,0.0
DescribableTextures,33,7,1,1,0,0.10638298094272614,0.0012251855805516243,0.0,0.0,0.0,0.0
DescribableTextures,33,8,1,1,0,0.10638298094272614,0.0028629451990127563,0.0,0.0,0.0,0.0
DescribableTextures,33,9,1,1,0,0.042553190141916275,0.00011333358997944742,0.0,0.0,0.0,0.0
DescribableTextures,34,0,1,1,0,0.10638298094272614,0.0018963849870488048,0.0,0.0,0.0,0.0
DescribableTextures,34,1,1,1,0,0.10638298094272614,0.001418820465914905,0.0,0.0,0.0,0.0
DescribableTextures,34,2,1,1,0,0.10638298094272614,0.0018634359585121274,0.0,0.0,0.0,0.0
DescribableTextures,34,3,1,1,0,0.10638298094272614,0.000804405368398875,0.0,0.0,0.0,0.0
DescribableTextures,34,4,1,1,0,0.10638298094272614,0.0026220278814435005,0.0,0.0,0.0,0.0
DescribableTextures,34,5,1,1,0,0.10638298094272614,0.00040927843656390905,0.0,0.0,0.0,0.0
DescribableTextures,34,6,1,1,0,0.10638298094272614,0.0013770696241408587,0.0,0.0,0.0,0.0
DescribableTextures,34,7,1,1,0,0.10638298094272614,0.0012402731226757169,0.0,0.0,0.0,0.0
DescribableTextures,34,8,1,1,0,0.10638298094272614,0.00333390012383461,0.0,0.0,0.0,0.0
DescribableTextures,34,9,1,1,0,0.042553190141916275,0.00033315096516162157,0.0,0.0,0.0,0.0
DescribableTextures,35,0,1,1,0,0.10638298094272614,0.0028266950976103544,0.0,0.0,0.0,0.0
DescribableTextures,35,1,1,1,0,0.10638298094272614,0.001820232137106359,0.0,0.0,0.0,0.0
DescribableTextures,35,2,1,1,0,0.10638298094272614,0.0014170233625918627,0.0,0.0,0.0,0.0
DescribableTextures,35,3,1,1,0,0.10638298094272614,0.0004924142849631608,0.0,0.0,0.0,0.0
DescribableTextures,35,4,1,1,0,0.10638298094272614,0.002835620194673538,0.0,0.0,0.0,0.0
DescribableTextures,35,5,1,1,0,0.10638298094272614,0.0012562245829030871,0.0,0.0,0.0,0.0
DescribableTextures,35,6,1,1,0,0.10638298094272614,0.0017495915526524186,0.0,0.0,0.0,0.0
DescribableTextures,35,7,1,1,0,0.10638298094272614,0.002160589909180999,0.0,0.0,0.0,0.0
DescribableTextures,35,8,1,1,0,0.10638298094272614,0.005588052328675985,0.0,0.0,0.0,0.0
DescribableTextures,35,9,1,1,0,0.042553190141916275,0.00029707554494962096,0.0,0.0,0.0,0.0
DescribableTextures,36,0,1,1,0,0.10638298094272614,0.0027156746946275234,0.0,0.0,0.0,0.0
DescribableTextures,36,1,1,1,0,0.10638298094272614,0.0010492407018318772,0.0,0.0,0.0,0.0
DescribableTextures,36,2,1,1,0,0.10638298094272614,0.0009512904798611999,0.0,0.0,0.0,0.0
DescribableTextures,36,3,1,1,0,0.10638298094272614,0.000715961679816246,0.0,0.0,0.0,0.0
DescribableTextures,36,4,1,1,0,0.10638298094272614,0.0024656900204718113,0.0,0.0,0.0,0.0
DescribableTextures,36,5,1,1,0,0.10638298094272614,0.0013797751162201166,0.0,0.0,0.0,0.0
DescribableTextures,36,6,1,1,0,0.10638298094272614,0.002899072365835309,0.0,0.0,0.0,0.0
DescribableTextures,36,7,1,1,0,0.10638298094272614,0.0015631321584805846,0.0,0.0,0.0,0.0
DescribableTextures,36,8,1,1,0,0.10638298094272614,0.0025210983585566282,0.0,0.0,0.0,0.0
DescribableTextures,36,9,1,1,0,0.042553190141916275,0.0006001038709655404,0.0,0.0,0.0,0.0
DescribableTextures,37,0,1,1,0,0.10638298094272614,0.0030580272432416677,0.0,0.0,0.0,0.0
DescribableTextures,37,1,1,1,0,0.10638298094272614,0.0014573598746210337,0.0,0.0,0.0,0.0
DescribableTextures,37,2,1,1,0,0.10638298094272614,0.00212469813413918,0.0,0.0,0.0,0.0
DescribableTextures,37,3,1,1,0,0.10638298094272614,0.00047618645476177335,0.0,0.0,0.0,0.0
DescribableTextures,37,4,1,1,0,0.10638298094272614,0.0022788834758102894,0.0,0.0,0.0,0.0
DescribableTextures,37,5,1,1,0,0.10638298094272614,0.0014982338761910796,0.0,0.0,0.0,0.0
DescribableTextures,37,6,1,1,0,0.10638298094272614,0.0015159700997173786,0.0,0.0,0.0,0.0
DescribableTextures,37,7,1,1,0,0.10638298094272614,0.0011851773597300053,0.0,0.0,0.0,0.0
DescribableTextures,37,8,1,1,0,0.10638298094272614,0.004399802070111036,0.0,0.0,0.0,0.0
DescribableTextures,37,9,1,1,0,0.042553190141916275,0.0007021658821031451,0.0,0.0,0.0,0.0
DescribableTextures,38,0,1,1,0,0.10638298094272614,0.001910167746245861,0.0,0.0,0.0,0.0
DescribableTextures,38,1,1,1,0,0.10638298094272614,0.0011787032708525658,0.0,0.0,0.0,0.0
DescribableTextures,38,2,1,1,0,0.10638298094272614,0.0021925840992480516,0.0,0.0,0.0,0.0
DescribableTextures,38,3,1,1,0,0.10638298094272614,0.000640672049485147,0.0,0.0,0.0,0.0
DescribableTextures,38,4,1,1,0,0.10638298094272614,0.00232173060066998,0.0,0.0,0.0,0.0
DescribableTextures,38,5,1,1,0,0.10638298094272614,0.0016406858339905739,0.0,0.0,0.0,0.0
DescribableTextures,38,6,1,1,0,0.10638298094272614,0.0019030144903808832,0.0,0.0,0.0,0.0
DescribableTextures,38,7,1,1,0,0.10638298094272614,0.0014816508628427982,0.0,0.0,0.0,0.0
DescribableTextures,38,8,1,1,0,0.10638298094272614,0.0033548164647072554,0.0,0.0,0.0,0.0
DescribableTextures,38,9,1,1,0,0.042553190141916275,0.00017381059296894819,0.0,0.0,0.0,0.0
DescribableTextures,39,0,1,1,0,0.10638298094272614,0.0011967398459091783,0.0,0.0,0.0,0.0
DescribableTextures,39,1,1,1,0,0.10638298094272614,0.0011413943720981479,0.0,0.0,0.0,0.0
DescribableTextures,39,2,1,1,0,0.10638298094272614,0.0020296573638916016,0.0,0.0,0.0,0.0
DescribableTextures,39,3,1,1,0,0.10638298094272614,0.0007491949945688248,0.0,0.0,0.0,0.0
DescribableTextures,39,4,1,1,0,0.10638298094272614,0.0021122978068888187,0.0,0.0,0.0,0.0
DescribableTextures,39,5,1,1,0,0.10638298094272614,0.000628300360403955,0.0,0.0,0.0,0.0
DescribableTextures,39,6,1,1,0,0.10638298094272614,0.0010317929554730654,0.0,0.0,0.0,0.0
DescribableTextures,39,7,1,1,0,0.10638298094272614,0.0016865698853507638,0.0,0.0,0.0,0.0
DescribableTextures,39,8,1,1,0,0.10638298094272614,0.0018676698673516512,0.0,0.0,0.0,0.0
DescribableTextures,39,9,1,1,0,0.042553190141916275,0.0002073293726425618,0.0,0.0,0.0,0.0
DescribableTextures,40,0,1,1,0,0.10638298094272614,0.0009425756870768964,0.0,0.0,0.0,0.0
DescribableTextures,40,1,1,1,0,0.10638298094272614,0.0010893995640799403,0.0,0.0,0.0,0.0
DescribableTextures,40,2,1,1,0,0.10638298094272614,0.002902852138504386,0.0,0.0,0.0,0.0
DescribableTextures,40,3,1,1,0,0.10638298094272614,0.0010989723959937692,0.0,0.0,0.0,0.0
DescribableTextures,40,4,1,1,0,0.10638298094272614,0.0031287085730582476,0.0,0.0,0.0,0.0
DescribableTextures,40,5,1,1,0,0.10638298094272614,0.0010759899159893394,0.0,0.0,0.0,0.0
DescribableTextures,40,6,1,1,0,0.10638298094272614,0.0018450795905664563,0.0,0.0,0.0,0.0
DescribableTextures,40,7,1,1,0,0.10638298094272614,0.0011872374452650547,0.0,0.0,0.0,0.0
DescribableTextures,40,8,1,1,0,0.10638298094272614,0.0024000098928809166,0.0,0.0,0.0,0.0
DescribableTextures,40,9,1,1,0,0.042553190141916275,0.00013488548574969172,0.0,0.0,0.0,0.0
DescribableTextures,41,0,1,1,0,0.10638298094272614,0.0007048730039969087,0.0,0.0,0.0,0.0
DescribableTextures,41,1,1,1,0,0.10638298094272614,0.001801425009034574,0.0,0.0,0.0,0.0
DescribableTextures,41,2,1,1,0,0.10638298094272614,0.0022700121626257896,0.0,0.0,0.0,0.0
DescribableTextures,41,3,1,1,0,0.10638298094272614,0.0010498912306502461,0.0,0.0,0.0,0.0
DescribableTextures,41,4,1,1,0,0.10638298094272614,0.003231942653656006,0.0,0.0,0.0,0.0
DescribableTextures,41,5,1,1,0,0.10638298094272614,0.0011226541828364134,0.0,0.0,0.0,0.0
DescribableTextures,41,6,1,1,0,0.10638298094272614,0.0019692075438797474,0.0,0.0,0.0,0.0
DescribableTextures,41,7,1,1,0,0.10638298094272614,0.0022529480047523975,0.0,0.0,0.0,0.0
DescribableTextures,41,8,1,1,0,0.10638298094272614,0.0028081752825528383,0.0,0.0,0.0,0.0
DescribableTextures,41,9,1,1,0,0.042553190141916275,0.00028167947311885655,0.0,0.0,0.0,0.0
DescribableTextures,42,0,1,1,0,0.10638298094272614,0.0008888697484508157,0.0,0.0,0.0,0.0
DescribableTextures,42,1,1,1,0,0.10638298094272614,0.0017260920722037554,0.0,0.0,0.0,0.0
DescribableTextures,42,2,1,1,0,0.10638298094272614,0.0027310196310281754,0.0,0.0,0.0,0.0
DescribableTextures,42,3,1,1,0,0.10638298094272614,0.0006509727681986988,0.0,0.0,0.0,0.0
DescribableTextures,42,4,1,1,0,0.10638298094272614,0.0023572787176817656,0.0,0.0,0.0,0.0
DescribableTextures,42,5,1,1,0,0.10638298094272614,0.0005209685186855495,0.0,0.0,0.0,0.0
DescribableTextures,42,6,1,1,0,0.10638298094272614,0.0015088677173480392,0.0,0.0,0.0,0.0
DescribableTextures,42,7,1,1,0,0.10638298094272614,0.0019899033941328526,0.0,0.0,0.0,0.0
DescribableTextures,42,8,1,1,0,0.10638298094272614,0.002177649876102805,0.0,0.0,0.0,0.0
DescribableTextures,42,9,1,1,0,0.042553190141916275,0.0007007591193541884,0.0,0.0,0.0,0.0
DescribableTextures,43,0,1,1,0,0.10638298094272614,0.001349054160527885,0.0,0.0,0.0,0.0
DescribableTextures,43,1,1,1,0,0.10638298094272614,0.0020626646000891924,0.0,0.0,0.0,0.0
DescribableTextures,43,2,1,1,0,0.10638298094272614,0.0030110813677310944,0.0,0.0,0.0,0.0
DescribableTextures,43,3,1,1,0,0.10638298094272614,0.0018125339411199093,0.0,0.0,0.0,0.0
DescribableTextures,43,4,1,1,0,0.10638298094272614,0.0027532458771020174,0.0,0.0,0.0,0.0
DescribableTextures,43,5,1,1,0,0.10638298094272614,0.0005306299426592886,0.0,0.0,0.0,0.0
DescribableTextures,43,6,1,1,0,0.10638298094272614,0.0022402082104235888,0.0,0.0,0.0,0.0
DescribableTextures,43,7,1,1,0,0.10638298094272614,0.001811082474887371,0.0,0.0,0.0,0.0
DescribableTextures,43,8,1,1,0,0.10638298094272614,0.0021806734148412943,0.0,0.0,0.0,0.0
DescribableTextures,43,9,1,1,0,0.042553190141916275,0.0012372392229735851,0.0,0.0,0.0,0.0
DescribableTextures,44,0,1,1,0,0.10638298094272614,0.000809541204944253,0.0,0.0,0.0,0.0
DescribableTextures,44,1,1,1,0,0.10638298094272614,0.00123401521705091,0.0,0.0,0.0,0.0
DescribableTextures,44,2,1,1,0,0.10638298094272614,0.0022125374525785446,0.0,0.0,0.0,0.0
DescribableTextures,44,3,1,1,0,0.10638298094272614,0.0018468176713213325,0.0,0.0,0.0,0.0
DescribableTextures,44,4,1,1,0,0.10638298094272614,0.0026355262380093336,0.0,0.0,0.0,0.0
DescribableTextures,44,5,1,1,0,0.10638298094272614,0.0005061290576122701,0.0,0.0,0.0,0.0
DescribableTextures,44,6,1,1,0,0.10638298094272614,0.00244249333627522,0.0,0.0,0.0,0.0
DescribableTextures,44,7,1,1,0,0.10638298094272614,0.000852925528306514,0.0,0.0,0.0,0.0
DescribableTextures,44,8,1,1,0,0.10638298094272614,0.001048005884513259,0.0,0.0,0.0,0.0
DescribableTextures,44,9,1,1,0,0.042553190141916275,0.0011667812941595912,0.0,0.0,0.0,0.0
DescribableTextures,45,0,1,1,0,0.10638298094272614,0.0009974417043849826,0.0,0.0,0.0,0.0
DescribableTextures,45,1,1,1,0,0.10638298094272614,0.0011640203883871436,0.0,0.0,0.0,0.0
DescribableTextures,45,2,1,1,0,0.10638298094272614,0.0017855754122138023,0.0,0.0,0.0,0.0
DescribableTextures,45,3,1,1,0,0.10638298094272614,0.0005166020127944648,0.0,0.0,0.0,0.0
DescribableTextures,45,4,1,1,0,0.10638298094272614,0.0015567681984975934,0.0,0.0,0.0,0.0
DescribableTextures,45,5,1,1,0,0.10638298094272614,0.0009699616930447519,0.0,0.0,0.0,0.0
DescribableTextures,45,6,1,1,0,0.10638298094272614,0.0019582007080316544,0.0,0.0,0.0,0.0
DescribableTextures,45,7,1,1,0,0.10638298094272614,0.00150611053686589,0.0,0.0,0.0,0.0
DescribableTextures,45,8,1,1,0,0.10638298094272614,0.0017811774741858244,0.0,0.0,0.0,0.0
DescribableTextures,45,9,1,1,0,0.042553190141916275,0.00029667920898646116,0.0,0.0,0.0,0.0
DescribableTextures,46,0,1,1,0,0.10638298094272614,0.0007245666347444057,0.0,0.0,0.0,0.0
DescribableTextures,46,1,1,1,0,0.10638298094272614,0.0006275001214817166,0.0,0.0,0.0,0.0
DescribableTextures,46,2,1,1,0,0.10638298094272614,0.0019375832052901387,0.0,0.0,0.0,0.0
DescribableTextures,46,3,1,1,0,0.10638298094272614,0.0008744671358726919,0.0,0.0,0.0,0.0
DescribableTextures,46,4,1,1,0,0.10638298094272614,0.0016444191569462419,0.0,0.0,0.0,0.0
DescribableTextures,46,5,1,1,0,0.10638298094272614,0.0009238658240064979,0.0,0.0,0.0,0.0
DescribableTextures,46,6,1,1,0,0.10638298094272614,0.0023146048188209534,0.0,0.0,0.0,0.0
DescribableTextures,46,7,1,1,0,0.10638298094272614,0.0016226529842242599,0.0,0.0,0.0,0.0
DescribableTextures,46,8,1,1,0,0.10638298094272614,0.0010753495153039694,0.0,0.0,0.0,0.0
DescribableTextures,46,9,1,1,0,0.042553190141916275,0.0003791295166593045,0.0,0.0,0.0,0.0
DescribableTextures,47,0,1,1,0,0.10638298094272614,0.0007171888137236238,0.0,0.0,0.0,0.0
DescribableTextures,47,1,1,1,0,0.10638298094272614,0.0015359470853582025,0.0,0.0,0.0,0.0
DescribableTextures,47,2,1,1,0,0.10638298094272614,0.0024289332795888186,0.0,0.0,0.0,0.0
DescribableTextures,47,3,1,1,0,0.10638298094272614,0.0015421254793182015,0.0,0.0,0.0,0.0
DescribableTextures,47,4,1,1,0,0.10638298094272614,0.0013876165030524135,0.0,0.0,0.0,0.0
DescribableTextures,47,5,1,1,0,0.10638298094272614,0.0006378997932188213,0.0,0.0,0.0,0.0
DescribableTextures,47,6,1,1,0,0.10638298094272614,0.002469276776537299,0.0,0.0,0.0,0.0
DescribableTextures,47,7,1,1,0,0.10638298094272614,0.0008273913990706205,0.0,0.0,0.0,0.0
DescribableTextures,47,8,1,1,0,0.10638298094272614,0.0010785844642668962,0.0,0.0,0.0,0.0
DescribableTextures,47,9,1,1,0,0.042553190141916275,0.00042047502938658,0.0,0.0,0.0,0.0
DescribableTextures,48,0,1,1,0,0.10638298094272614,0.001217237557284534,0.0,0.0,0.0,0.0
DescribableTextures,48,1,1,1,0,0.10638298094272614,0.0011667574290186167,0.0,0.0,0.0,0.0
DescribableTextures,48,2,1,1,0,0.10638298094272614,0.0028628406580537558,0.0,0.0,0.0,0.0
DescribableTextures,48,3,1,1,0,0.10638298094272614,0.002065566135570407,0.0,0.0,0.0,0.0
DescribableTextures,48,4,1,1,0,0.10638298094272614,0.001597601454705,0.0,0.0,0.0,0.0
DescribableTextures,48,5,1,1,0,0.10638298094272614,0.0013774993130937219,0.0,0.0,0.0,0.0
DescribableTextures,48,6,1,1,0,0.10638298094272614,0.0028488636016845703,0.0,0.0,0.0,0.0
DescribableTextures,48,7,1,1,0,0.10638298094272614,0.0014700128231197596,0.0,0.0,0.0,0.0
DescribableTextures,48,8,1,1,0,0.10638298094272614,0.001185704255476594,0.0,0.0,0.0,0.0
DescribableTextures,48,9,1,1,0,0.042553190141916275,0.0009512045653536916,0.0,0.0,0.0,0.0
DescribableTextures,49,0,1,1,0,0.10638298094272614,0.0007648622267879546,0.0,0.0,0.0,0.0
DescribableTextures,49,1,1,1,0,0.10638298094272614,0.0014884091215208173,0.0,0.0,0.0,0.0
DescribableTextures,49,2,1,1,0,0.10638298094272614,0.0016544137615710497,0.0,0.0,0.0,0.0
DescribableTextures,49,3,1,1,0,0.10638298094272614,0.0005697134183719754,0.0,0.0,0.0,0.0
DescribableTextures,49,4,1,1,0,0.10638298094272614,0.0019233940402045846,0.0,0.0,0.0,0.0
DescribableTextures,49,5,1,1,0,0.10638298094272614,0.0007838800083845854,0.0,0.0,0.0,0.0
DescribableTextures,49,6,1,1,0,0.10638298094272614,0.0016560647636651993,0.0,0.0,0.0,0.0
DescribableTextures,49,7,1,1,0,0.10638298094272614,0.0010059633059427142,0.0,0.0,0.0,0.0
DescribableTextures,49,8,1,1,0,0.10638298094272614,0.0013185805873945355,0.0,0.0,0.0,0.0
DescribableTextures,49,9,1,1,0,0.042553190141916275,0.0006858219858258963,0.0,0.0,0.0,0.0
