dataset,round,client,lambda_before,lambda_after,action,valid,invalid_reason,raw_alignment,raw_pull_ratio,effective_pull_ratio,utility,negative_streak,warmup_pull_ref,cooldown_until,decay_count,ce_loss,mse_loss,weighted_mse_loss,ce_grad_norm,mse_grad_norm,spf_gamma,spf_rank
Office31,0,0,0.3,0.3,warmup,1,,-1.3609352659920617e-07,8.84261354217819e-06,2.652784062653457e-06,-4.082805797976185e-08,0,,-1,0,1.1015625,0.0002354550815653056,7.063652446959168e-05,38.344295501708984,0.00033906378666870296,0.01000213623046875,8.0
Office31,0,1,0.3,0.3,warmup,1,,2.5335924291317975e-07,1.1107615967521959e-05,3.3322847902565874e-06,7.600777287395393e-08,0,,-1,0,1.818359375,0.0002354550815653056,7.063652446959168e-05,30.52534294128418,0.00033906378666870296,0.01000213623046875,8.0
Office31,0,2,0.3,0.3,warmup,1,,5.349205080432363e-08,6.597652188297185e-06,1.9792956564891553e-06,1.6047615241297087e-08,0,,-1,0,1.5947265625,0.0002354550815653056,7.063652446959168e-05,51.39158248901367,0.00033906378666870296,0.01000213623046875,8.0
Office31,0,3,0.3,0.3,warmup,1,,1.4127669653280668e-07,7.086011757980762e-06,2.1258035273942284e-06,4.2383008959842005e-08,0,,-1,0,1.4462890625,0.0002354550815653056,7.063652446959168e-05,47.849735260009766,0.00033906378666870296,0.01000213623046875,8.0
Office31,0,4,0.3,0.3,warmup,1,,7.277837396111576e-08,7.934135840467944e-06,2.380240752140383e-06,2.1833512188334727e-08,0,,-1,0,1.8798828125,0.0002354550815653056,7.063652446959168e-05,42.73480987548828,0.00033906378666870296,0.01000213623046875,8.0
Office31,0,5,0.3,0.3,warmup,1,,2.088722828669101e-07,9.041024997874415e-06,2.7123074993623243e-06,6.266168486007302e-08,0,,-1,0,1.8291015625,0.0002354550815653056,7.063652446959168e-05,37.502803802490234,0.00033906378666870296,0.01000213623046875,8.0
Office31,5,0,0.3,0.3,warmup,1,,1.5845231949828925e-06,0.00010262197349688311,3.078659204906493e-05,4.7535695849486774e-07,0,,-1,0,0.2308349609375,0.00023931059695314616,7.179317908594385e-05,3.3310585021972656,0.0003418397973291576,0.01000213623046875,8.0
Office31,5,1,0.3,0.3,warmup,1,,7.91747267117076e-07,6.0226076978378955e-05,1.8067823093513687e-05,2.3752418013512277e-07,0,,-1,0,0.66064453125,0.00023558828979730606,7.067648693919182e-05,5.631525039672852,0.000339164660545066,0.01000213623046875,8.0
Office31,5,2,0.3,0.3,warmup,1,,6.347593836493558e-07,4.8694462254604635e-05,1.460833867638139e-05,1.9042781509480674e-07,0,,-1,0,0.420166015625,0.00023488493752665818,7.046548125799745e-05,6.95420503616333,0.00033863127464428544,0.01000213623046875,8.0
Office31,5,3,0.3,0.3,warmup,1,,-1.6766408269583278e-06,7.808408677225497e-05,2.342522603167649e-05,-5.029922480874983e-07,0,,-1,0,0.160888671875,0.0002352808805881068,7.058426417643205e-05,4.340460777282715,0.00033892091596499085,0.01000213623046875,8.0
Office31,5,4,0.3,0.3,warmup,1,,-1.742266692241315e-07,9.154690727971739e-05,2.7464072183915214e-05,-5.226800076723945e-08,0,,-1,0,0.42578125,0.00023391799186356366,7.017539755906909e-05,3.6909866333007812,0.00033789841108955443,0.01000213623046875,8.0
Office31,5,5,0.3,0.3,warmup,1,,-6.697683835286336e-07,6.192723418027785e-05,1.8578170254083354e-05,-2.0093051505859007e-07,0,,-1,0,0.472900390625,0.0002335147000849247,7.00544100254774e-05,5.452282905578613,0.00033764480031095445,0.01000213623046875,8.0
Office31,10,0,0.3,0.3,warmup,1,,1.5547819507091678e-06,6.740552965832296e-05,2.022165889749689e-05,4.664345852127503e-07,0,,-1,0,1.0302734375,0.000238203487242572,7.14610461727716e-05,5.059872627258301,0.0003410633944440633,0.01000213623046875,8.0
Office31,10,1,0.3,0.3,warmup,1,,5.89455945481003e-07,6.912142258245781e-05,2.0736426774737345e-05,1.768367836443009e-07,0,,-1,0,0.6162109375,0.0002370446891291067,7.1113406738732e-05,4.9228339195251465,0.0003402732836548239,0.01000213623046875,8.0
Office31,10,2,0.3,0.3,warmup,1,,1.2480960027083318e-06,6.584303766600345e-05,1.9752911299801035e-05,3.744288008124995e-07,0,,-1,0,0.209716796875,0.00023497355869039893,7.049206760711968e-05,5.1451005935668945,0.0003387690521776676,0.01000213623046875,8.0
Office31,10,3,0.3,0.3,warmup,1,,-1.2635409236345737e-07,5.182285208621689e-05,1.5546855625865068e-05,-3.790622770903721e-08,0,,-1,0,0.309326171875,0.00023566075833514333,7.0698227500543e-05,6.545267581939697,0.00033919443376362324,0.01000213623046875,8.0
Office31,10,4,0.3,0.3,warmup,1,,2.0771375385972823e-07,4.857717874727622e-05,1.4573153624182866e-05,6.231412615791847e-08,0,,-1,0,0.457275390625,0.0002341576328035444,7.024728984106332e-05,6.960019111633301,0.0003380980924703181,0.01000213623046875,8.0
Office31,10,5,0.3,0.3,warmup,1,,6.441665709955063e-07,8.058614927240058e-05,2.4175844781720175e-05,1.9324997129865187e-07,0,,-1,0,0.1763916015625,0.00023352674907073379,7.005802472122013e-05,4.190310001373291,0.0003376809472683817,0.01000213623046875,8.0
Office31,15,0,0.3,0.3,keep,1,,5.724791695335956e-07,7.698481563183562e-05,2.3095444689550687e-05,1.7174375086007866e-07,0,6.740552965832296e-05,-1,0,0.340087890625,0.00023733600392006338,7.120080117601901e-05,4.422274589538574,0.00034044799394905567,0.01000213623046875,8.0
Office31,15,1,0.3,0.3,keep,1,,6.434968362772423e-07,6.129491127346902e-05,1.8388473382040707e-05,1.9304905088317269e-07,0,6.0226076978378955e-05,-1,0,0.42041015625,0.00023936980869621038,7.181094260886311e-05,5.577295303344727,0.0003418598207645118,0.01000213623046875,8.0
Office31,15,2,0.3,0.3,keep,1,,1.44320200221176e-06,6.205080338926866e-05,1.8615241016780597e-05,4.3296060066352796e-07,0,4.8694462254604635e-05,-1,0,0.1988525390625,0.0002355226024519652,7.065678073558956e-05,5.465282917022705,0.00033912519575096667,0.01000213623046875,8.0
Office31,15,3,0.3,0.3,keep,1,,7.435561005717167e-07,0.0001063586944557528,3.190760833672584e-05,2.23066830171515e-07,0,5.182285208621689e-05,-1,0,0.1082763671875,0.00023550502373836935,7.06515071215108e-05,3.188241720199585,0.00033909722696989775,0.01000213623046875,8.0
Office31,15,4,0.3,0.3,negative_wait,1,,-6.588013637687604e-07,0.00010848639023900531,3.254591707170159e-05,-1.9764040913062814e-07,1,4.857717874727622e-05,-1,0,0.1488037109375,0.00023362136562354863,7.008640968706458e-05,3.113527774810791,0.0003377753891982138,0.01000213623046875,8.0
Office31,15,5,0.3,0.3,keep,1,,2.3465039789321955e-07,3.737305330932151e-05,1.1211915992796453e-05,7.039511936796587e-08,0,6.192723418027785e-05,-1,0,0.47216796875,0.0002329105482203886,6.987316446611657e-05,9.023268699645996,0.0003372271021362394,0.01000213623046875,8.0
Office31,20,0,0.3,0.3,keep,1,,9.778673499052635e-07,6.353447780884401e-05,1.90603433426532e-05,2.9336020497157906e-07,0,6.740552965832296e-05,-1,0,0.401123046875,0.0002360016806051135,7.080050418153405e-05,5.343015670776367,0.00033946571056731045,0.01000213623046875,8.0
Office31,20,1,0.3,0.3,negative_wait,1,,-5.228024524584079e-09,7.766719662630008e-05,2.3300158987890023e-05,-1.5684073573752238e-09,1,6.0226076978378955e-05,-1,0,0.439453125,0.00023964337015058845,7.189301104517653e-05,4.4038615226745605,0.00034203557879664004,0.01000213623046875,8.0
Office31,20,2,0.3,0.3,negative_wait,1,,-8.136237398264639e-07,4.768443417390297e-05,1.430533025217089e-05,-2.4408712194793913e-07,1,4.8694462254604635e-05,-1,0,0.56005859375,0.00023499078815802932,7.04972364474088e-05,7.103987216949463,0.0003387496108189225,0.01000213623046875,8.0
Office31,20,3,0.3,0.3,negative_wait,1,,-3.2746691422902255e-07,0.00011172175093168586,3.351652527950576e-05,-9.824007426870677e-08,1,5.182285208621689e-05,-1,0,0.10986328125,0.0002354613388888538,7.063840166665614e-05,3.0349361896514893,0.0003390683850739151,0.01000213623046875,8.0
Office31,20,4,0.3,0.3,negative_wait,1,,-5.944765058597004e-07,4.371537510375975e-05,1.3114612531127924e-05,-1.7834295175791013e-07,2,4.857717874727622e-05,-1,0,0.308349609375,0.0002332478907192126,6.997436721576377e-05,7.719449996948242,0.0003374586522113532,0.01000213623046875,8.0
Office31,20,5,0.3,0.3,keep,1,,4.2405471079792947e-07,4.043392777309674e-05,1.2130178331929023e-05,1.2721641323937882e-07,0,6.192723418027785e-05,-1,0,0.488037109375,0.00023186852922663093,6.956055876798928e-05,8.321940422058105,0.0003364887379575521,0.01000213623046875,8.0
Office31,25,0,0.3,0.3,keep,1,,7.122025012262152e-08,5.90442067741848e-05,1.771326203225544e-05,2.1366075036786457e-08,0,6.740552965832296e-05,-1,0,0.458740234375,0.00023597260587848723,7.079178176354617e-05,5.748525142669678,0.0003394171071704477,0.01000213623046875,8.0
Office31,25,1,0.3,0.3,keep,1,,6.657024789550409e-07,8.814425989583787e-05,2.644327796875136e-05,1.9971074368651226e-07,0,6.0226076978378955e-05,-1,0,0.41943359375,0.00024074995599221438,7.222498679766431e-05,3.8904218673706055,0.0003429183561820537,0.01000213623046875,8.0
Office31,25,2,0.3,0.3,keep,1,,1.0652656985970513e-07,4.635640455636431e-05,1.3906921366909292e-05,3.1957970957911536e-08,0,4.8694462254604635e-05,-1,0,0.2841796875,0.0002355941105633974,7.067823316901922e-05,7.315792560577393,0.0003391338395886123,0.01000213623046875,8.0
Office31,25,3,0.3,0.3,keep,1,,1.9779416140492885e-06,9.979218708252767e-05,2.99376561247583e-05,5.933824842147866e-07,0,5.182285208621689e-05,-1,0,0.1685791015625,0.00023581179266329855,7.074353779898956e-05,3.4000706672668457,0.0003393004881218076,0.01000213623046875,8.0
Office31,25,4,0.3,0.3,keep,1,,7.745282837503748e-08,7.348497214121132e-05,2.2045491642363397e-05,2.3235848512511243e-08,0,4.857717874727622e-05,-1,0,0.1627197265625,0.00023386316024698317,7.015894807409495e-05,4.598288536071777,0.0003379051049705595,0.01000213623046875,8.0
Office31,25,5,0.3,0.3,keep,1,,6.149294820882926e-07,4.733553268121696e-05,1.4200659804365088e-05,1.8447884462648779e-07,0,6.192723418027785e-05,-1,0,0.490234375,0.00023212688392959535,6.96380651788786e-05,7.1137919425964355,0.0003367351309861988,0.01000213623046875,8.0
Office31,30,0,0.3,0.3,negative_wait,1,,-3.89422068083359e-07,8.642297100525104e-05,2.592689130157531e-05,-1.1682662042500769e-07,1,6.740552965832296e-05,-1,0,0.2255859375,0.00023365396191366017,7.009618857409804e-05,3.9082729816436768,0.0003377645625732839,0.01000213623046875,8.0
Office31,30,1,0.3,0.3,negative_wait,1,,-1.211247270899839e-07,5.4063050748081404e-05,1.621891522442442e-05,-3.6337418126995164e-08,1,6.0226076978378955e-05,-1,0,0.70361328125,0.0002408966247458011,7.226898742374033e-05,6.343821048736572,0.0003429663192946464,0.01000213623046875,8.0
Office31,30,2,0.3,0.3,keep,1,,5.138451321191806e-07,4.806378646823326e-05,1.4419135940469978e-05,1.5415353963575417e-07,0,4.8694462254604635e-05,-1,0,0.2293701171875,0.00023531675105914474,7.059502531774342e-05,7.0519256591796875,0.00033894224907271564,0.01000213623046875,8.0
Office31,30,3,0.3,0.3,negative_wait,1,,-5.541362229658464e-07,0.00016527460328671152,4.9582380986013456e-05,-1.662408668897539e-07,1,5.182285208621689e-05,-1,0,0.047210693359375,0.0002357062476221472,7.071187428664416e-05,2.052312135696411,0.0003391950740478933,0.01000213623046875,8.0
Office31,30,4,0.3,0.3,negative_wait,1,,-1.7859096063760412e-06,9.973020739041307e-05,2.991906221712392e-05,-5.357728819128124e-07,1,4.857717874727622e-05,-1,0,0.1693115234375,0.00023396420874632895,7.018926262389868e-05,3.3892345428466797,0.00033800906385295093,0.01000213623046875,8.0
Office31,30,5,0.3,0.3,keep,1,,2.8389659572678294e-07,8.46791528885247e-05,2.5403745866557408e-05,8.516897871803488e-08,0,6.192723418027785e-05,-1,0,0.188720703125,0.00023194326786324382,6.958298035897315e-05,3.974184989929199,0.0003365306183695793,0.01000213623046875,8.0
Office31,35,0,0.3,0.3,keep,1,,2.8881090124612574e-07,6.978924727870698e-05,2.0936774183612096e-05,8.664327037383772e-08,0,6.740552965832296e-05,-1,0,0.322265625,0.00023262508329935372,6.978752498980612e-05,4.828505992889404,0.00033697779872454703,0.01000213623046875,8.0
Office31,35,1,0.3,0.3,keep,1,,6.331651239493713e-07,5.29967857125581e-05,1.5899035713767428e-05,1.8994953718481138e-07,0,6.0226076978378955e-05,-1,0,0.330322265625,0.00024030728673096746,7.209218601929024e-05,6.4626569747924805,0.00034250004682689905,0.01000213623046875,8.0
Office31,35,2,0.3,0.3,negative_wait,1,,-8.2391866307169e-07,9.452790137883688e-05,2.8358370413651065e-05,-2.47175598921507e-07,1,4.8694462254604635e-05,-1,0,0.1634521484375,0.00023557085660286248,7.067125698085874e-05,3.5880000591278076,0.00033916611573658884,0.01000213623046875,8.0
Office31,35,3,0.3,0.3,negative_wait,1,,-1.7160968768806738e-06,8.290973864683792e-05,2.4872921594051376e-05,-5.148290630642021e-07,2,5.182285208621689e-05,-1,0,0.10546875,0.0002356517215957865,7.069551647873595e-05,4.091231822967529,0.00033920296118594706,0.01000213623046875,8.0
Office31,35,4,0.3,0.3,negative_wait,1,,-5.976437606255118e-07,5.466450981063611e-05,1.639935294319083e-05,-1.7929312818765354e-07,2,4.857717874727622e-05,-1,0,0.2261962890625,0.0002336901961825788,7.010705885477363e-05,6.1793999671936035,0.00033779387013055384,0.01000213623046875,8.0
Office31,35,5,0.3,0.3,negative_wait,1,,-4.178897760969763e-08,8.453492008323169e-05,2.5360476024969508e-05,-1.2536693282909289e-08,1,6.192723418027785e-05,-1,0,0.18505859375,0.0002324543020222336,6.973629060667007e-05,3.985833168029785,0.0003369420883245766,0.01000213623046875,8.0
Office31,40,0,0.3,0.3,negative_wait,1,,-1.3159928826373936e-06,0.0001296856319480774,3.890568958442322e-05,-3.947978647912181e-07,1,6.740552965832296e-05,-1,0,0.1280517578125,0.00023209064966067672,6.962719489820301e-05,2.5952916145324707,0.00033657203312031925,0.01000213623046875,8.0
Office31,40,1,0.3,0.3,negative_wait,1,,-9.884575599858826e-07,8.51010499153833e-05,2.553031497461499e-05,-2.965372679957648e-07,1,6.0226076978378955e-05,-1,0,0.354736328125,0.00024242464860435575,7.272739458130673e-05,4.043002605438232,0.0003440637665335089,0.01000213623046875,8.0
Office31,40,2,0.3,0.3,keep,1,,1.1579785831428754e-07,6.0172391146566673e-05,1.8051717343970002e-05,3.4739357494286264e-08,0,4.8694462254604635e-05,-1,0,0.08331298828125,0.00023566256277263165,7.069876883178949e-05,5.6375603675842285,0.00033922548755072057,0.01000213623046875,8.0
Office31,40,3,0.3,0.18,attenuate,1,,-2.334596450021013e-07,7.063111978674152e-05,2.1189335936022455e-05,-7.003789350063038e-08,0,5.182285208621689e-05,50,1,0.1317138671875,0.0002358216734137386,7.074650202412158e-05,4.804749488830566,0.0003393648366909474,0.01000213623046875,8.0
Office31,40,4,0.3,0.18,attenuate,1,,-1.8050684136958456e-06,6.677817920909186e-05,2.003345376272756e-05,-5.415205241087537e-07,0,4.857717874727622e-05,50,1,0.202880859375,0.0002330632705707103,6.991898117121309e-05,5.050267219543457,0.00033724764944054186,0.01000213623046875,8.0
Office31,40,5,0.3,0.3,negative_wait,1,,-6.799305038644983e-07,4.361005465635554e-05,1.3083016396906663e-05,-2.0397915115934947e-07,2,6.192723418027785e-05,-1,0,0.21923828125,0.0002319672203157097,6.959016609471291e-05,7.718250751495361,0.0003365933371242136,0.01000213623046875,8.0
Office31,45,0,0.3,0.3,keep,1,,8.335484403559613e-07,7.991180823365681e-05,2.3973542470097043e-05,2.500645321067884e-07,0,6.740552965832296e-05,-1,0,0.453125,0.0002315314777661115,6.945944332983344e-05,4.207277774810791,0.0003362111747264862,0.01000213623046875,8.0
Office31,45,1,0.3,0.3,keep,1,,3.01882508004543e-07,9.19000409061017e-05,2.757001227183051e-05,9.05647524013629e-08,0,6.0226076978378955e-05,-1,0,0.20849609375,0.0002427839208394289,7.283517625182867e-05,3.7461154460906982,0.00034426816273480654,0.01000213623046875,8.0
Office31,45,2,0.3,0.3,keep,1,,6.535474714519265e-07,5.288136921338117e-05,1.586441076401435e-05,1.9606424143557793e-07,0,4.8694462254604635e-05,-1,0,0.06298828125,0.0002359145146328956,7.077435438986867e-05,6.419029235839844,0.0003394470550119877,0.01000213623046875,8.0
Office31,45,3,0.18,0.18,keep,1,,8.974389236012878e-07,5.488945007992899e-05,9.880101014387219e-06,1.615390062482318e-07,0,5.182285208621689e-05,50,1,0.38671875,0.0002358471101615578,4.24524798290804e-05,6.183121681213379,0.00033938814885914326,0.01000213623046875,8.0
Office31,45,4,0.18,0.18,negative_wait,1,,-1.1005889705255141e-07,5.42356968192413e-05,9.762425427463434e-06,-1.9810601469459253e-08,1,4.857717874727622e-05,50,1,0.22509765625,0.00023252546088770032,4.185458295978606e-05,6.211769104003906,0.00033689962583594024,0.01000213623046875,8.0
Office31,45,5,0.3,0.18,attenuate,1,,-9.889954108154662e-07,8.566896404757634e-05,2.57006892142729e-05,-2.9669862324463983e-07,0,6.192723418027785e-05,55,1,0.186767578125,0.0002317585312994197,6.952755938982591e-05,3.9264721870422363,0.0003363768046256155,0.01000213623046875,8.0
