dataset,round,client,fedavg_weight,residual_norm,clipped_residual_norm,support_s,alpha,residual_cos_to_rcon,is_valid_residual
DescribableTextures,0,0,0.10638298094272614,0.008843526244163513,0.008843526244163513,0.14123204350471497,0.11153575032949448,0.4889279007911682,1
DescribableTextures,0,1,0.10638298094272614,0.009766227565705776,0.009766227565705776,0.15881408751010895,0.12542088329792023,0.5735817551612854,1
DescribableTextures,0,2,0.10638298094272614,0.013247600756585598,0.011988083831965923,0.07901863753795624,0.06240370497107506,0.10606138408184052,1
DescribableTextures,0,3,0.10638298094272614,0.01628088392317295,0.011988083831965923,0.17390494048595428,0.13733863830566406,0.7228634357452393,1
DescribableTextures,0,4,0.10638298094272614,0.011988083831965923,0.011988083831965923,0.17122000455856323,0.13521826267242432,0.7027292251586914,1
DescribableTextures,0,5,0.10638298094272614,0.012199132703244686,0.011988083831965923,0.07852552086114883,0.062014274299144745,-0.1994389146566391,1
DescribableTextures,0,6,0.10638298094272614,0.009827214293181896,0.009827214293181896,0.08928290754556656,0.07050974667072296,0.12975305318832397,1
DescribableTextures,0,7,0.10638298094272614,0.016474077478051186,0.011988082900643349,0.2154679298400879,0.1701623499393463,0.7770566940307617,1
DescribableTextures,0,8,0.10638298094272614,0.008271794766187668,0.008271794766187668,0.09980127215385437,0.07881645113229752,0.2652873694896698,1
DescribableTextures,0,9,0.042553190141916275,0.004334712866693735,0.004334712866693735,0.1474544107913971,0.04657990112900734,0.2988854646682739,1
DescribableTextures,1,0,0.10638298094272614,0.0039064520969986916,0.0039064520969986916,0.04680114984512329,0.08446387201547623,0.21709682047367096,1
DescribableTextures,1,1,0.10638298094272614,0.0064367433078587055,0.0064367433078587055,0.07903502881526947,0.14263761043548584,0.5185773968696594,1
DescribableTextures,1,2,0.10638298094272614,0.010667666792869568,0.008324959315359592,0.03356447443366051,0.06057512387633324,0.1303846389055252,1
DescribableTextures,1,3,0.10638298094272614,0.01179977785795927,0.008324959315359592,0.05907358229160309,0.10661240667104721,0.3346797823905945,1
DescribableTextures,1,4,0.10638298094272614,0.008324959315359592,0.008324959315359592,0.0906149223446846,0.16353629529476166,0.6567071676254272,1
DescribableTextures,1,5,0.10638298094272614,0.006393509451299906,0.006393509451299906,0.04513903334736824,0.08146418631076813,0.25211021304130554,1
DescribableTextures,1,6,0.10638298094272614,0.014758365228772163,0.008324959315359592,0.029099155217409134,0.0525163859128952,0.04485379904508591,1
DescribableTextures,1,7,0.10638298094272614,0.013126797042787075,0.008324960246682167,0.07621681690216064,0.13755148649215698,0.5441033244132996,1
DescribableTextures,1,8,0.10638298094272614,0.0078099132515490055,0.0078099132515490055,0.07495284825563431,0.13527034223079681,0.49698519706726074,1
DescribableTextures,1,9,0.042553190141916275,0.00774046266451478,0.00774046266451478,0.04899926483631134,0.035372354090213776,0.1547417789697647,1
DescribableTextures,2,0,0.10638298094272614,0.00713113509118557,0.00713113509118557,0.04770820215344429,0.08939050137996674,0.25312522053718567,1
DescribableTextures,2,1,0.10638298094272614,0.015203993767499924,0.008836435154080391,0.014157318510115147,0.02652646228671074,0.04410222917795181,1
DescribableTextures,2,2,0.10638298094272614,0.008717013522982597,0.008717013522982597,0.05238451436161995,0.09815248101949692,0.3585558533668518,1
DescribableTextures,2,3,0.10638298094272614,0.008836435154080391,0.008836435154080391,0.06296181678771973,0.11797109246253967,0.35153961181640625,1
DescribableTextures,2,4,0.10638298094272614,0.021301250904798508,0.008836435154080391,0.0994773805141449,0.18639002740383148,0.7076147794723511,1
DescribableTextures,2,5,0.10638298094272614,0.010135749354958534,0.008836435154080391,0.05142680183053017,0.09635802358388901,0.2986002564430237,1
DescribableTextures,2,6,0.10638298094272614,0.007506645284593105,0.007506645284593105,0.05975308269262314,0.11195890605449677,0.35961660742759705,1
DescribableTextures,2,7,0.10638298094272614,0.016683096066117287,0.008836435154080391,0.10719084739685059,0.2008427083492279,0.7243799567222595,1
DescribableTextures,2,8,0.10638298094272614,0.008541179820895195,0.008541179820895195,0.02497178129851818,0.046789441257715225,0.057359788566827774,1
DescribableTextures,2,9,0.042553190141916275,0.017353933304548264,0.008836435154080391,0.034184202551841736,0.025620272383093834,0.09139586985111237,1
DescribableTextures,3,0,0.10638298094272614,0.004347705747932196,0.004347705747932196,0.07900569587945938,0.09256714582443237,0.3448788821697235,1
DescribableTextures,3,1,0.10638298094272614,0.008622135035693645,0.006642316002398729,0.14959213137626648,0.17526985704898834,0.6974769234657288,1
DescribableTextures,3,2,0.10638298094272614,0.006642316002398729,0.006642316002398729,0.09659147262573242,0.11317155510187149,0.44642582535743713,1
DescribableTextures,3,3,0.10638298094272614,0.009851129725575447,0.006642316468060017,0.04139816761016846,0.04850422963500023,0.17711900174617767,1
DescribableTextures,3,4,0.10638298094272614,0.006883027032017708,0.006642316468060017,0.09600835293531418,0.11248833686113358,0.4868037700653076,1
DescribableTextures,3,5,0.10638298094272614,0.005458348896354437,0.005458348896354437,0.10942486673593521,0.12820781767368317,0.4871648848056793,1
DescribableTextures,3,6,0.10638298094272614,0.005407927092164755,0.005407927092164755,0.04992155730724335,0.05849067121744156,0.24043530225753784,1
DescribableTextures,3,7,0.10638298094272614,0.011231803335249424,0.006642316468060017,0.04389508441090584,0.05142974480986595,0.18504568934440613,1
DescribableTextures,3,8,0.10638298094272614,0.005439229775220156,0.005439229775220156,0.17375977337360382,0.2035859078168869,0.7501689791679382,1
DescribableTextures,3,9,0.042553190141916275,0.005456826183944941,0.005456826183944941,0.03474733605980873,0.016284707933664322,0.02492741122841835,1
DescribableTextures,4,0,0.10638298094272614,0.004200105555355549,0.004200105555355549,0.03989243879914284,0.09819509088993073,0.137052521109581,1
DescribableTextures,4,1,0.10638298094272614,0.01377783715724945,0.006501396186649799,0.04008238762617111,0.09866263717412949,0.27964892983436584,1
DescribableTextures,4,2,0.10638298094272614,0.006501396186649799,0.006501396186649799,0.058338187634944916,0.1435992270708084,0.5848203897476196,1
DescribableTextures,4,3,0.10638298094272614,0.006590535864233971,0.006501395720988512,0.0422622486948967,0.1040283590555191,0.2567257583141327,1
DescribableTextures,4,4,0.10638298094272614,0.006264819297939539,0.006264819297939539,0.06520607322454453,0.1605045050382614,0.5086014270782471,1
DescribableTextures,4,5,0.10638298094272614,0.0027146951761096716,0.0027146951761096716,0.03296545147895813,0.08114433288574219,0.07789203524589539,1
DescribableTextures,4,6,0.10638298094272614,0.004482225514948368,0.004482225514948368,0.031170126050710678,0.07672514766454697,0.15333397686481476,1
DescribableTextures,4,7,0.10638298094272614,0.007109102793037891,0.006501395720988512,0.03181035816669464,0.0783010721206665,0.3263518810272217,1
DescribableTextures,4,8,0.10638298094272614,0.007168919313699007,0.006501396186649799,0.03644892945885658,0.08971890062093735,0.25818005204200745,1
DescribableTextures,4,9,0.042553190141916275,0.008281439542770386,0.006501396186649799,0.07020199298858643,0.06912077218294144,0.44715267419815063,1
DescribableTextures,5,0,0.10638298094272614,0.004544461145997047,0.004544461145997047,0.037521202117204666,0.06932651996612549,0.06368264555931091,1
DescribableTextures,5,1,0.10638298094272614,0.007089877501130104,0.005372724030166864,0.07803183048963547,0.14417649805545807,0.5836604237556458,1
DescribableTextures,5,2,0.10638298094272614,0.0038290193770080805,0.0038290193770080805,0.022474754601716995,0.041525762528181076,0.04726878181099892,1
DescribableTextures,5,3,0.10638298094272614,0.007519065402448177,0.005372724030166864,0.04784968122839928,0.08841006457805634,0.3692094087600708,1
DescribableTextures,5,4,0.10638298094272614,0.005372724030166864,0.005372724030166864,0.0727243572473526,0.13437007367610931,0.5709046125411987,1
DescribableTextures,5,5,0.10638298094272614,0.0017524409340694547,0.0017524409340694547,0.06266012787818909,0.11577477306127548,0.10727684199810028,1
DescribableTextures,5,6,0.10638298094272614,0.0042249043472111225,0.0042249043472111225,0.07660190761089325,0.1415344774723053,0.5125451683998108,1
DescribableTextures,5,7,0.10638298094272614,0.009301414713263512,0.005372724030166864,0.04238414019346237,0.07831158488988876,0.2522955536842346,1
DescribableTextures,5,8,0.10638298094272614,0.007392422761768103,0.005372724030166864,0.07552868872880936,0.13955152034759521,0.5117029547691345,1
DescribableTextures,5,9,0.042553190141916275,0.0068479799665510654,0.005372724030166864,0.0636192113161087,0.04701872915029526,0.26556915044784546,1
DescribableTextures,6,0,0.10638298094272614,0.004143236670643091,0.004143236670643091,0.03892352059483528,0.11336428672075272,0.3640058934688568,1
DescribableTextures,6,1,0.10638298094272614,0.006481449585407972,0.005606045015156269,0.04108203575015068,0.1196509376168251,0.49070990085601807,1
DescribableTextures,6,2,0.10638298094272614,0.0028933435678482056,0.0028933435678482056,0.07558130472898483,0.22012962400913239,0.5957694053649902,1
DescribableTextures,6,3,0.10638298094272614,0.007018867414444685,0.005606045015156269,0.037406373769044876,0.10894561558961868,0.4104587733745575,1
DescribableTextures,6,4,0.10638298094272614,0.005606045015156269,0.005606045015156269,0.03093535639345646,0.09009885042905807,0.3565777540206909,1
DescribableTextures,6,5,0.10638298094272614,0.0020379831548780203,0.0020379831548780203,0.052417121827602386,0.15266422927379608,0.2231854796409607,1
DescribableTextures,6,6,0.10638298094272614,0.0037303236313164234,0.0037303236313164234,0.04222169518470764,0.12297017127275467,0.39303916692733765,1
DescribableTextures,6,7,0.10638298094272614,0.011306574568152428,0.005606044549494982,0.0038329651579260826,0.01116346474736929,-0.2169632762670517,1
DescribableTextures,6,8,0.10638298094272614,0.00875276979058981,0.005606044549494982,0.014450537040829659,0.04208701476454735,-0.020784148946404457,1
DescribableTextures,6,9,0.042553190141916275,0.010288281366229057,0.005606045480817556,0.016245372593402863,0.018925778567790985,-0.14787474274635315,1
DescribableTextures,7,0,0.10638298094272614,0.005627082660794258,0.005627082660794258,0.044684793800115585,0.10788130015134811,0.42433497309684753,1
DescribableTextures,7,1,0.10638298094272614,0.0067671723663806915,0.005627082660794258,0.03219306468963623,0.07772285491228104,0.3163892924785614,1
DescribableTextures,7,2,0.10638298094272614,0.003992351237684488,0.003992351237684488,0.05693702772259712,0.13746154308319092,0.48402413725852966,1
DescribableTextures,7,3,0.10638298094272614,0.0029530131723731756,0.0029530131723731756,0.02624678984284401,0.06336692720651627,0.052267640829086304,1
DescribableTextures,7,4,0.10638298094272614,0.00847983080893755,0.005627082660794258,0.03866785392165184,0.09335476905107498,0.2442937195301056,1
DescribableTextures,7,5,0.10638298094272614,0.0012736377539113164,0.0012736377539113164,0.03792831301689148,0.09156931936740875,0.05570054426789284,1
DescribableTextures,7,6,0.10638298094272614,0.003599940100684762,0.003599940100684762,0.06914596259593964,0.16693724691867828,0.5309199690818787,1
DescribableTextures,7,7,0.10638298094272614,0.015162860043346882,0.005627082660794258,0.042721983045339584,0.10314254462718964,0.4511263966560364,1
DescribableTextures,7,8,0.10638298094272614,0.006535487715154886,0.005627082660794258,0.04914672672748566,0.11865362524986267,0.4281941056251526,1
DescribableTextures,7,9,0.042553190141916275,0.005770308431237936,0.005627082660794258,0.041327014565467834,0.039909880608320236,0.07593375444412231,1
DescribableTextures,8,0,0.10638298094272614,0.005053297150880098,0.005053297150880098,0.034476034343242645,0.06624017655849457,0.25972655415534973,1
DescribableTextures,8,1,0.10638298094272614,0.008293671533465385,0.005053297150880098,0.05848342180252075,0.11236652731895447,0.3706565499305725,1
DescribableTextures,8,2,0.10638298094272614,0.005668929312378168,0.005053297150880098,0.08742476999759674,0.16797268390655518,0.6724390983581543,1
DescribableTextures,8,3,0.10638298094272614,0.0025467462837696075,0.0025467462837696075,0.053557440638542175,0.10290203988552094,0.21769945323467255,1
DescribableTextures,8,4,0.10638298094272614,0.0056427535600960255,0.005053297150880098,0.024727219715714455,0.047509390860795975,0.03367934748530388,1
DescribableTextures,8,5,0.10638298094272614,0.0017213725950568914,0.0017213725950568914,0.04979439824819565,0.09567195922136307,0.1407601684331894,1
DescribableTextures,8,6,0.10638298094272614,0.0027071016374975443,0.0027071016374975443,0.05200678110122681,0.09992269426584244,0.3129858672618866,1
DescribableTextures,8,7,0.10638298094272614,0.00900145061314106,0.005053297150880098,0.05352890491485596,0.10284721851348877,0.46720993518829346,1
DescribableTextures,8,8,0.10638298094272614,0.0035923735704272985,0.0035923735704272985,0.09136198461055756,0.17553742229938507,0.5702536702156067,1
DescribableTextures,8,9,0.042553190141916275,0.0032296301797032356,0.0032296301797032356,0.037772949784994125,0.02902986668050289,0.08964571356773376,1
DescribableTextures,9,0,0.10638298094272614,0.004598443862050772,0.003038158407434821,0.08409132063388824,0.1695816069841385,0.6600214242935181,1
DescribableTextures,9,1,0.10638298094272614,0.006218766327947378,0.0030381581746041775,0.06315866857767105,0.12736806273460388,0.4453684389591217,1
DescribableTextures,9,2,0.10638298094272614,0.004273706581443548,0.003038158407434821,0.0446309931576252,0.09000448137521744,0.32703471183776855,1
DescribableTextures,9,3,0.10638298094272614,0.001730576273985207,0.001730576273985207,0.03513102978467941,0.07084651291370392,0.15703587234020233,1
DescribableTextures,9,4,0.10638298094272614,0.003038158407434821,0.003038158407434821,0.0260966494679451,0.052627451717853546,-0.042305801063776016,1
DescribableTextures,9,5,0.10638298094272614,0.0014101542765274644,0.0014101542765274644,0.10200145095586777,0.2056998312473297,0.54059898853302,1
DescribableTextures,9,6,0.10638298094272614,0.0029748911038041115,0.0029748911038041115,0.0292559452354908,0.058998603373765945,0.10711629688739777,1
DescribableTextures,9,7,0.10638298094272614,0.010493109002709389,0.003038158407434821,0.06056620180606842,0.12214000523090363,0.4180614948272705,1
DescribableTextures,9,8,0.10638298094272614,0.0026482895482331514,0.0026482895482331514,0.035818688571453094,0.07223326712846756,0.23837342858314514,1
DescribableTextures,9,9,0.042553190141916275,0.0013409130042418838,0.0013409130042418838,0.03781067952513695,0.030500153079628944,0.05630935728549957,1
DescribableTextures,10,0,0.10638298094272614,0.0035662308800965548,0.0035662308800965548,0.059942591935396194,0.17149202525615692,0.5953176617622375,1
DescribableTextures,10,1,0.10638298094272614,0.005621572025120258,0.0035662308800965548,0.0157614853233099,0.04509262368083,0.10634198039770126,1
DescribableTextures,10,2,0.10638298094272614,0.004283944144845009,0.0035662311129271984,0.015036743134260178,0.04301918298006058,0.02041492611169815,1
DescribableTextures,10,3,0.10638298094272614,0.0022327082697302103,0.0022327082697302103,0.07072430104017258,0.2023378163576126,0.5014343857765198,1
DescribableTextures,10,4,0.10638298094272614,0.003160159569233656,0.003160159569233656,0.018582841381430626,0.05316435173153877,-0.014297602698206902,1
DescribableTextures,10,5,0.10638298094272614,0.0014758731704205275,0.0014758731704205275,0.0,0.0,-0.23584291338920593,1
DescribableTextures,10,6,0.10638298094272614,0.00293375994078815,0.00293375994078815,0.04642603173851967,0.1328219771385193,0.3988357186317444,1
DescribableTextures,10,7,0.10638298094272614,0.0213056318461895,0.0035662308800965548,0.04996979236602783,0.14296045899391174,0.5153726935386658,1
DescribableTextures,10,8,0.10638298094272614,0.005759117193520069,0.0035662311129271984,0.06117129325866699,0.17500725388526917,0.6161960959434509,1
DescribableTextures,10,9,0.042553190141916275,0.0021266054827719927,0.0021266054827719927,0.029801668599247932,0.03410428389906883,0.06535837054252625,1
DescribableTextures,11,0,0.10638298094272614,0.0027265711687505245,0.0027265711687505245,0.042491041123867035,0.14535640180110931,0.5508155822753906,1
DescribableTextures,11,1,0.10638298094272614,0.002909674309194088,0.002815078943967819,0.024805409833788872,0.08485612273216248,0.2308018058538437,1
DescribableTextures,11,2,0.10638298094272614,0.002815078943967819,0.002815078943967819,0.03807005658745766,0.1302327811717987,0.4482102394104004,1
DescribableTextures,11,3,0.10638298094272614,0.001020086812786758,0.001020086812786758,0.03129488229751587,0.10705577582120895,0.16728872060775757,1
DescribableTextures,11,4,0.10638298094272614,0.004400984849780798,0.0028150787111371756,0.01851358637213707,0.06333260238170624,0.07951749861240387,1
DescribableTextures,11,5,0.10638298094272614,0.0013922787038609385,0.0013922787038609385,0.018238220363855362,0.062390606850385666,0.06981461495161057,1
DescribableTextures,11,6,0.10638298094272614,0.0025420847814530134,0.0025420847814530134,0.02147706039249897,0.07347026467323303,0.22430358827114105,1
DescribableTextures,11,7,0.10638298094272614,0.005298383999615908,0.002815078943967819,0.05606355890631676,0.19178622961044312,0.7221642136573792,1
DescribableTextures,11,8,0.10638298094272614,0.006003404501825571,0.002815079176798463,0.021869774907827377,0.07481369376182556,0.1410738229751587,1
DescribableTextures,11,9,0.042553190141916275,0.0039200917817652225,0.002815079176798463,0.04874895513057709,0.06670556217432022,0.1860189586877823,1
DescribableTextures,12,0,0.10638298094272614,0.0035943298134952784,0.002665604231879115,0.010080192238092422,0.026231400668621063,-0.02635263092815876,1
DescribableTextures,12,1,0.10638298094272614,0.0025732247158885,0.0025732247158885,0.016738375648856163,0.04355780407786369,-0.0599931962788105,1
DescribableTextures,12,2,0.10638298094272614,0.0026656044647097588,0.0026656044647097588,0.06605765223503113,0.1718999743461609,0.6426060199737549,1
DescribableTextures,12,3,0.10638298094272614,0.0012014283565804362,0.0012014283565804362,0.05792861431837082,0.15074600279331207,0.3633061945438385,1
DescribableTextures,12,4,0.10638298094272614,0.004118742421269417,0.0026656044647097588,0.004892781376838684,0.012732347473502159,-0.12562862038612366,1
DescribableTextures,12,5,0.10638298094272614,0.0020656364504247904,0.0020656364504247904,0.07199893891811371,0.18736080825328827,0.5763289928436279,1
DescribableTextures,12,6,0.10638298094272614,0.002646499313414097,0.002646499313414097,0.035617657005786896,0.09268682450056076,0.3040589690208435,1
DescribableTextures,12,7,0.10638298094272614,0.005875191651284695,0.0026656044647097588,0.029585711658000946,0.07699006795883179,0.17795029282569885,1
DescribableTextures,12,8,0.10638298094272614,0.0039170896634459496,0.0026656044647097588,0.07246290147304535,0.18856817483901978,0.674039363861084,1
DescribableTextures,12,9,0.042553190141916275,0.003815788310021162,0.0026656044647097588,0.047291986644268036,0.04922663792967796,0.19915471971035004,1
DescribableTextures,13,0,0.10638298094272614,0.0038484311662614346,0.0031958704348653555,0.0030912994407117367,0.005605023819953203,-0.026650352403521538,1
DescribableTextures,13,1,0.10638298094272614,0.003293602494522929,0.003195870667695999,0.10026100277900696,0.1817893385887146,0.7463896870613098,1
DescribableTextures,13,2,0.10638298094272614,0.0018001829739660025,0.0018001829739660025,0.07625293731689453,0.13825885951519012,0.3924936354160309,1
DescribableTextures,13,3,0.10638298094272614,0.0017787349643185735,0.0017787349643185735,0.07069332152605057,0.12817837297916412,0.4075841009616852,1
DescribableTextures,13,4,0.10638298094272614,0.003857604693621397,0.0031958704348653555,0.04801052436232567,0.08705081790685654,0.3564669191837311,1
DescribableTextures,13,5,0.10638298094272614,0.0014952360652387142,0.0014952360652387142,0.06986591964960098,0.12667816877365112,0.39288440346717834,1
DescribableTextures,13,6,0.10638298094272614,0.0031958704348653555,0.0031958704348653555,0.05795056372880936,0.1050737053155899,0.39630523324012756,1
DescribableTextures,13,7,0.10638298094272614,0.0078014954924583435,0.0031958704348653555,0.04891226068139076,0.08868580311536789,0.21205420792102814,1
DescribableTextures,13,8,0.10638298094272614,0.0023524726275354624,0.0023524726275354624,0.053220879286527634,0.0964980274438858,0.32167375087738037,1
DescribableTextures,13,9,0.042553190141916275,0.0009238380007445812,0.0009238380007445812,0.058160725980997086,0.04218190163373947,-0.07791808992624283,1
DescribableTextures,14,0,0.10638298094272614,0.019730739295482635,0.00284166750498116,0.07717064023017883,0.16987445950508118,0.6725927591323853,1
DescribableTextures,14,1,0.10638298094272614,0.004063926637172699,0.002841667737811804,0.04757342487573624,0.10472259670495987,0.38311702013015747,1
DescribableTextures,14,2,0.10638298094272614,0.0020141142886132,0.0020141142886132,0.06768713891506195,0.14899858832359314,0.42388057708740234,1
DescribableTextures,14,3,0.10638298094272614,0.0023988985922187567,0.0023988985922187567,0.06573750078678131,0.1447068750858307,0.5033619999885559,1
DescribableTextures,14,4,0.10638298094272614,0.005423306487500668,0.002841667737811804,0.05255602300167084,0.11569070816040039,0.4225049614906311,1
DescribableTextures,14,5,0.10638298094272614,0.001760800601914525,0.001760800601914525,0.03739898279309273,0.0823257565498352,0.19525553286075592,1
DescribableTextures,14,6,0.10638298094272614,0.0020228407811373472,0.0020228407811373472,0.023362673819065094,0.051427870988845825,0.10797154903411865,1
DescribableTextures,14,7,0.10638298094272614,0.010082457214593887,0.002841667737811804,0.035361215472221375,0.07784005999565125,0.2177719622850418,1
DescribableTextures,14,8,0.10638298094272614,0.002841667737811804,0.002841667737811804,0.03885982930660248,0.0855415016412735,0.3067389726638794,1
DescribableTextures,14,9,0.042553190141916275,0.0004447583050932735,0.0004447583050932735,0.021432511508464813,0.01887161284685135,-0.1834385097026825,1
DescribableTextures,15,0,0.10638298094272614,0.003667730838060379,0.0026443859096616507,0.037564974278211594,0.10872366279363632,0.3735397458076477,1
DescribableTextures,15,1,0.10638298094272614,0.0033986554481089115,0.0026443859096616507,0.04859244078397751,0.1406402736902237,0.423809677362442,1
DescribableTextures,15,2,0.10638298094272614,0.001999540952965617,0.001999540952965617,0.007419141009449959,0.021473092958331108,-0.09650208055973053,1
DescribableTextures,15,3,0.10638298094272614,0.002121593337506056,0.002121593337506056,0.06525973230600357,0.18888013064861298,0.6467915773391724,1
DescribableTextures,15,4,0.10638298094272614,0.0034958263859152794,0.0026443859096616507,0.02878398820757866,0.08330900967121124,0.038999173790216446,1
DescribableTextures,15,5,0.10638298094272614,0.0013338940916582942,0.0013338940916582942,0.027037687599658966,0.07825471460819244,-0.07053559273481369,1
DescribableTextures,15,6,0.10638298094272614,0.0022415362764149904,0.0022415362764149904,0.02280992455780506,0.06601837277412415,0.19179457426071167,1
DescribableTextures,15,7,0.10638298094272614,0.006343367043882608,0.0026443859096616507,0.04549577087163925,0.13167764246463776,0.45843157172203064,1
DescribableTextures,15,8,0.10638298094272614,0.0026443859096616507,0.0026443859096616507,0.048366978764534,0.13998772203922272,0.4846557676792145,1
DescribableTextures,15,9,0.042553190141916275,0.0007802241016179323,0.0007802241016179323,0.03544515371322632,0.04103532060980797,0.020732978358864784,1
DescribableTextures,16,0,0.10638298094272614,0.0034905073698610067,0.001901102252304554,0.06391164660453796,0.1442735344171524,0.5289426445960999,1
DescribableTextures,16,1,0.10638298094272614,0.0016443378990516067,0.0016443378990516067,0.05407210811972618,0.12206185609102249,0.4434714913368225,1
DescribableTextures,16,2,0.10638298094272614,0.0026583008002489805,0.0019011021358892322,0.015621118247509003,0.03526296466588974,-0.11839403212070465,1
DescribableTextures,16,3,0.10638298094272614,0.0011025730054825544,0.0011025730054825544,0.05268361419439316,0.1189274936914444,0.2492244392633438,1
DescribableTextures,16,4,0.10638298094272614,0.0020534361246973276,0.001901102252304554,0.033560752868652344,0.07575972378253937,0.2722727358341217,1
DescribableTextures,16,5,0.10638298094272614,0.0012507217470556498,0.0012507217470556498,0.0639885812997818,0.1444472074508667,0.4577465355396271,1
DescribableTextures,16,6,0.10638298094272614,0.0017040668753907084,0.0017040668753907084,0.032201770693063736,0.07269196957349777,0.10300789028406143,1
DescribableTextures,16,7,0.10638298094272614,0.003644440555945039,0.0019011021358892322,0.06526993215084076,0.14733971655368805,0.5469561219215393,1
DescribableTextures,16,8,0.10638298094272614,0.0019011021358892322,0.0019011021358892322,0.053018976002931595,0.11968453228473663,0.45627203583717346,1
DescribableTextures,16,9,0.042553190141916275,0.0005657293368130922,0.0005657293368130922,0.021652190014719963,0.019550977274775505,-0.018270034343004227,1
DescribableTextures,17,0,0.10638298094272614,0.004342410247772932,0.002178880386054516,0.05653722211718559,0.12080167233943939,0.4775524139404297,1
DescribableTextures,17,1,0.10638298094272614,0.0015369212487712502,0.0015369212487712502,0.05996240675449371,0.12812018394470215,0.4272997975349426,1
DescribableTextures,17,2,0.10638298094272614,0.0025203251279890537,0.002178880386054516,0.039665982127189636,0.08475331217050552,0.15495140850543976,1
DescribableTextures,17,3,0.10638298094272614,0.001877190312370658,0.001877190312370658,0.009778395295143127,0.02089325338602066,-0.19857576489448547,1
DescribableTextures,17,4,0.10638298094272614,0.002178880386054516,0.002178880386054516,0.05417002737522125,0.11574374884366989,0.4389408230781555,1
DescribableTextures,17,5,0.10638298094272614,0.0014931776095181704,0.0014931776095181704,0.052885521203279495,0.11299917101860046,0.3558987081050873,1
DescribableTextures,17,6,0.10638298094272614,0.001579717849381268,0.001579717849381268,0.05950208008289337,0.12713661789894104,0.3957834243774414,1
DescribableTextures,17,7,0.10638298094272614,0.003351534018293023,0.002178880153223872,0.05455505847930908,0.11656643450260162,0.40994811058044434,1
DescribableTextures,17,8,0.10638298094272614,0.003468288341537118,0.002178880386054516,0.05688989907503128,0.12155522406101227,0.48751094937324524,1
DescribableTextures,17,9,0.042553190141916275,0.0010846710065379739,0.0010846710065379739,0.06017575040459633,0.051430411636829376,0.21862532198429108,1
DescribableTextures,18,0,0.10638298094272614,0.003267696127295494,0.0023444024845957756,0.011686913669109344,0.04049001261591911,-0.03206031396985054,1
DescribableTextures,18,1,0.10638298094272614,0.0026871145237237215,0.0023444027174264193,0.021000441163778305,0.0727572813630104,0.12551374733448029,1
DescribableTextures,18,2,0.10638298094272614,0.0023444027174264193,0.0023444027174264193,0.02683308906853199,0.09296484291553497,0.3106115758419037,1
DescribableTextures,18,3,0.10638298094272614,0.001144816749729216,0.001144816749729216,0.011305232532322407,0.03916765749454498,-0.05742644518613815,1
DescribableTextures,18,4,0.10638298094272614,0.002176266862079501,0.002176266862079501,0.039944231510162354,0.13838918507099152,0.515017569065094,1
DescribableTextures,18,5,0.10638298094272614,0.0013294537784531713,0.0013294537784531713,0.0348987840116024,0.12090892344713211,0.2563987374305725,1
DescribableTextures,18,6,0.10638298094272614,0.0018661009380593896,0.0018661009380593896,0.05326906964182854,0.18455387651920319,0.4884704351425171,1
DescribableTextures,18,7,0.10638298094272614,0.0026166525203734636,0.0023444027174264193,0.03881312906742096,0.1344704031944275,0.5029027462005615,1
DescribableTextures,18,8,0.10638298094272614,0.004285779781639576,0.002344402950257063,0.024811983108520508,0.08596260845661163,0.21640384197235107,1
DescribableTextures,18,9,0.042553190141916275,0.0016190713504329324,0.0016190713504329324,0.06518523395061493,0.09033525735139847,0.36597633361816406,1
DescribableTextures,19,0,0.10638298094272614,0.001829442917369306,0.001829442917369306,0.08210503309965134,0.1634628176689148,0.5778483152389526,1
DescribableTextures,19,1,0.10638298094272614,0.004036269150674343,0.002385650295764208,0.029305176809430122,0.05834364518523216,0.18980969488620758,1
DescribableTextures,19,2,0.10638298094272614,0.003185238456353545,0.002385650295764208,0.07048878073692322,0.1403360366821289,0.5963806509971619,1
DescribableTextures,19,3,0.10638298094272614,0.0007985314587131143,0.0007985314587131143,0.040768399834632874,0.08116576075553894,0.140187606215477,1
DescribableTextures,19,4,0.10638298094272614,0.0014594787498936057,0.0014594787498936057,0.03226123005151749,0.0642288476228714,0.10305226594209671,1
DescribableTextures,19,5,0.10638298094272614,0.002385650295764208,0.002385650295764208,0.06622793525457382,0.1318531185388565,0.5506618022918701,1
DescribableTextures,19,6,0.10638298094272614,0.0016780620208010077,0.0016780620208010077,0.04923984408378601,0.09803155064582825,0.26943710446357727,1
DescribableTextures,19,7,0.10638298094272614,0.0027948811184614897,0.002385650295764208,0.04466153308749199,0.0889165922999382,0.3622405230998993,1
DescribableTextures,19,8,0.10638298094272614,0.002471940591931343,0.002385650295764208,0.05041316896677017,0.10036751627922058,0.40058720111846924,1
DescribableTextures,19,9,0.042553190141916275,0.00040181181975640357,0.00040181181975640357,0.09203645586967468,0.07329410314559937,0.2617782652378082,1
DescribableTextures,20,0,0.10638298094272614,0.0021740132942795753,0.0021740132942795753,0.06342585384845734,0.13506168127059937,0.47786036133766174,1
DescribableTextures,20,1,0.10638298094272614,0.004898011684417725,0.0022797230631113052,0.06076120585203171,0.12938746809959412,0.5437157154083252,1
DescribableTextures,20,2,0.10638298094272614,0.0030870288610458374,0.002279722597450018,0.056815579533576965,0.1209854856133461,0.45949360728263855,1
DescribableTextures,20,3,0.10638298094272614,0.001270974869839847,0.001270974869839847,0.06619075685739517,0.14094938337802887,0.24176110327243805,1
DescribableTextures,20,4,0.10638298094272614,0.002277405932545662,0.002277405932545662,0.01494261808693409,0.03181944042444229,-0.09621889144182205,1
DescribableTextures,20,5,0.10638298094272614,0.0017945307772606611,0.0017945307772606611,0.050367750227451324,0.10725520551204681,0.2802579998970032,1
DescribableTextures,20,6,0.10638298094272614,0.004200874827802181,0.002279722597450018,0.02715274505317211,0.05782019719481468,0.0041955141350626945,1
DescribableTextures,20,7,0.10638298094272614,0.002784066367894411,0.0022797228302806616,0.06593102216720581,0.14039629697799683,0.5987169742584229,1
DescribableTextures,20,8,0.10638298094272614,0.0022797228302806616,0.0022797228302806616,0.04478893801569939,0.09537544846534729,0.29308924078941345,1
DescribableTextures,20,9,0.042553190141916275,0.0004496793553698808,0.0004496793553698808,0.04807518795132637,0.04094932973384857,0.04148724302649498,1
DescribableTextures,21,0,0.10638298094272614,0.002331188879907131,0.002331188879907131,0.04112248867750168,0.08479359745979309,0.32380974292755127,1
DescribableTextures,21,1,0.10638298094272614,0.00794640090316534,0.0028217157814651728,0.03375817462801933,0.06960856169462204,0.1981227993965149,1
DescribableTextures,21,2,0.10638298094272614,0.002097619930282235,0.002097619930282235,0.051416244357824326,0.10601907968521118,0.3692227900028229,1
DescribableTextures,21,3,0.10638298094272614,0.0010065312962979078,0.0010065312962979078,0.07527641952037811,0.1552181988954544,0.4314187169075012,1
DescribableTextures,21,4,0.10638298094272614,0.0028653719928115606,0.002821715548634529,0.05255787819623947,0.10837309807538986,0.49381357431411743,1
DescribableTextures,21,5,0.10638298094272614,0.0006916246493346989,0.0006916246493346989,0.04032009467482567,0.0831390842795372,0.16322757303714752,1
DescribableTextures,21,6,0.10638298094272614,0.0028277700766921043,0.0028217157814651728,0.05766090005636215,0.11889541149139404,0.3542497158050537,1
DescribableTextures,21,7,0.10638298094272614,0.0030426133889704943,0.0028217157814651728,0.051382824778556824,0.10595016926527023,0.39040228724479675,1
DescribableTextures,21,8,0.10638298094272614,0.0028217157814651728,0.0028217157814651728,0.059108491986989975,0.12188031524419785,0.5118850469589233,1
DescribableTextures,21,9,0.042553190141916275,0.00022619613446295261,0.00022619613446295261,0.05592022091150284,0.0461224690079689,-0.0013513854937627912,1
DescribableTextures,22,0,0.10638298094272614,0.0014682043110951781,0.0014682043110951781,0.06138887628912926,0.14013874530792236,0.32003864645957947,1
DescribableTextures,22,1,0.10638298094272614,0.007704811170697212,0.0030380641110241413,0.06414972245693207,0.14644122123718262,0.6052207946777344,1
DescribableTextures,22,2,0.10638298094272614,0.0030380641110241413,0.0030380641110241413,0.044017478823661804,0.1004832535982132,0.38910236954689026,1
DescribableTextures,22,3,0.10638298094272614,0.0013247458264231682,0.0013247458264231682,0.00849854201078415,0.019400501623749733,-0.09554938226938248,1
DescribableTextures,22,4,0.10638298094272614,0.003451200667768717,0.0030380641110241413,0.08657863736152649,0.1976420134305954,0.7339832782745361,1
DescribableTextures,22,5,0.10638298094272614,0.0007208808674477041,0.0007208808674477041,0.06040482968091965,0.13789235055446625,0.2045649141073227,1
DescribableTextures,22,6,0.10638298094272614,0.003915577195584774,0.0030380638781934977,0.02552422136068344,0.058266781270504,0.08683618158102036,1
DescribableTextures,22,7,0.10638298094272614,0.002366442931815982,0.002366442931815982,0.042121149599552155,0.09615430980920792,0.3136306405067444,1
DescribableTextures,22,8,0.10638298094272614,0.0038139289245009422,0.0030380641110241413,0.03675356134772301,0.08390115946531296,0.3279961943626404,1
DescribableTextures,22,9,0.042553190141916275,0.00019126650295220315,0.00019126650295220315,0.021552111953496933,0.01967969350516796,-0.12421779334545135,1
DescribableTextures,23,0,0.10638298094272614,0.0015817012172192335,0.0015817012172192335,0.021352846175432205,0.06220056861639023,0.16559506952762604,1
DescribableTextures,23,1,0.10638298094272614,0.007984057068824768,0.00173215102404356,0.03954169154167175,0.11518444120883942,0.46479472517967224,1
DescribableTextures,23,2,0.10638298094272614,0.002735820831730962,0.0017321509076282382,0.019850144162774086,0.057823218405246735,0.09939088672399521,1
DescribableTextures,23,3,0.10638298094272614,0.0008736941963434219,0.0008736941963434219,0.03768548369407654,0.10977733135223389,0.24639210104942322,1
DescribableTextures,23,4,0.10638298094272614,0.002247612690553069,0.00173215102404356,0.06433796882629395,0.18741567432880402,0.75852370262146,1
DescribableTextures,23,5,0.10638298094272614,0.0006479662260971963,0.0006479662260971963,0.04631921648979187,0.13492728769779205,0.237217515707016,1
DescribableTextures,23,6,0.10638298094272614,0.0017321509076282382,0.0017321509076282382,0.019577324390411377,0.05702849477529526,0.11186181008815765,1
DescribableTextures,23,7,0.10638298094272614,0.0016817906871438026,0.0016817906871438026,0.0398523174226284,0.11608929932117462,0.2595195174217224,1
DescribableTextures,23,8,0.10638298094272614,0.0028530340641736984,0.00173215102404356,0.03417886421084404,0.09956260025501251,0.2966492474079132,1
DescribableTextures,23,9,0.042553190141916275,0.0002707420790102333,0.0002707420790102333,0.0514858216047287,0.0599910169839859,0.10138687491416931,1
DescribableTextures,24,0,0.10638298094272614,0.0017959338147193193,0.0017959338147193193,0.0415123887360096,0.18369388580322266,0.6077115535736084,1
DescribableTextures,24,1,0.10638298094272614,0.007191613782197237,0.001968425465747714,0.0014954954385757446,0.006617623846977949,-0.142586350440979,1
DescribableTextures,24,2,0.10638298094272614,0.002128126099705696,0.001968425465747714,0.01563238352537155,0.0691738873720169,0.13357146084308624,1
DescribableTextures,24,3,0.10638298094272614,0.0015386530430987477,0.0015386530430987477,0.03820420801639557,0.16905507445335388,0.5220650434494019,1
DescribableTextures,24,4,0.10638298094272614,0.0022220772225409746,0.001968425465747714,0.00031044826027937233,0.0013737452682107687,-0.17450234293937683,1
DescribableTextures,24,5,0.10638298094272614,0.0014658375876024365,0.0014658375876024365,0.025313984602689743,0.11201534420251846,0.24239543080329895,1
DescribableTextures,24,6,0.10638298094272614,0.0017266274662688375,0.0017266274662688375,0.03281066566705704,0.14518843591213226,0.43309858441352844,1
DescribableTextures,24,7,0.10638298094272614,0.001968425465747714,0.001968425465747714,0.021855149418115616,0.09670986235141754,0.3081131875514984,1
DescribableTextures,24,8,0.10638298094272614,0.008301794528961182,0.001968425465747714,0.02222602441906929,0.09835099428892136,0.2917911112308502,1
DescribableTextures,24,9,0.042553190141916275,0.0004010754928458482,0.0004010754928458482,0.06656502932310104,0.1178210973739624,0.291208952665329,1
DescribableTextures,25,0,0.10638298094272614,0.0014529339969158173,0.0014529339969158173,0.017201542854309082,0.04622156545519829,0.10820786654949188,1
DescribableTextures,25,1,0.10638298094272614,0.004970433656126261,0.001744332374073565,0.03014224022626877,0.08099398761987686,0.2608805000782013,1
DescribableTextures,25,2,0.10638298094272614,0.0019703051075339317,0.001744332374073565,0.05492910370230675,0.14759774506092072,0.5557881593704224,1
DescribableTextures,25,3,0.10638298094272614,0.0014033021871000528,0.0014033021871000528,0.0414186492562294,0.11129436641931534,0.39367595314979553,1
DescribableTextures,25,4,0.10638298094272614,0.002084895269945264,0.0017443321412429214,0.02615664154291153,0.07028444111347198,0.2692638039588928,1
DescribableTextures,25,5,0.10638298094272614,0.0011990101775154471,0.0011990101775154471,0.07591314613819122,0.2039831280708313,0.6179987788200378,1
DescribableTextures,25,6,0.10638298094272614,0.0017443322576582432,0.0017443322576582432,0.05003606528043747,0.13444986939430237,0.4607379734516144,1
DescribableTextures,25,7,0.10638298094272614,0.0016135770129039884,0.0016135770129039884,0.02336222678422928,0.06277568638324738,-0.05277532339096069,1
DescribableTextures,25,8,0.10638298094272614,0.006483076605945826,0.0017443321412429214,0.02965581975877285,0.07968694716691971,0.2398291528224945,1
DescribableTextures,25,9,0.042553190141916275,0.00016455150034744292,0.00016455150034744292,0.05834658816456795,0.06271229684352875,0.11060825735330582,1
DescribableTextures,26,0,0.10638298094272614,0.0016634032363072038,0.0016634032363072038,0.04718621075153351,0.08956033736467361,0.35410428047180176,1
DescribableTextures,26,1,0.10638298094272614,0.005749890115112066,0.001948190969415009,0.0680372342467308,0.12913599610328674,0.562524676322937,1
DescribableTextures,26,2,0.10638298094272614,0.002014158759266138,0.001948190969415009,0.04237133264541626,0.08042161166667938,0.2650664150714874,1
DescribableTextures,26,3,0.10638298094272614,0.0009012795053422451,0.0009012795053422451,0.05296904593706131,0.1005362793803215,0.28974649310112,1
DescribableTextures,26,4,0.10638298094272614,0.001948190969415009,0.001948190969415009,0.061139583587646484,0.11604411154985428,0.450239360332489,1
DescribableTextures,26,5,0.10638298094272614,0.0007980469963513315,0.0007980469963513315,0.06300486624240875,0.11958446353673935,0.3055618107318878,1
DescribableTextures,26,6,0.10638298094272614,0.0012514812406152487,0.0012514812406152487,0.04662427306175232,0.08849377185106277,0.2788035273551941,1
DescribableTextures,26,7,0.10638298094272614,0.0021551416721194983,0.0019481910858303308,0.06067201867699623,0.11515666544437408,0.41202589869499207,1
DescribableTextures,26,8,0.10638298094272614,0.003113045124337077,0.0019481908529996872,0.05947287380695343,0.11288066953420639,0.47090139985084534,1
DescribableTextures,26,9,0.042553190141916275,0.0002524350129533559,0.0002524350129533559,0.06346888840198517,0.04818606749176979,0.15435795485973358,1
DescribableTextures,27,0,0.10638298094272614,0.0011694621061906219,0.0011694621061906219,0.008868644945323467,0.04241447523236275,-0.11141965538263321,1
DescribableTextures,27,1,0.10638298094272614,0.005557056982070208,0.0021583617199212313,0.024995310232043266,0.11954057961702347,0.34142470359802246,1
DescribableTextures,27,2,0.10638298094272614,0.0017374649178236723,0.0017374649178236723,0.03218412399291992,0.1539212316274643,0.4337848126888275,1
DescribableTextures,27,3,0.10638298094272614,0.0010166054125875235,0.0010166054125875235,0.008607656694948673,0.04116629436612129,-0.16026972234249115,1
DescribableTextures,27,4,0.10638298094272614,0.003992733079940081,0.0021583617199212313,0.031131761148571968,0.14888827502727509,0.4783332049846649,1
DescribableTextures,27,5,0.10638298094272614,0.0011455765925347805,0.0011455765925347805,0.010701969265937805,0.05118238553404808,0.010340074077248573,1
DescribableTextures,27,6,0.10638298094272614,0.0026131263002753258,0.0021583617199212313,0.0534723699092865,0.2557326853275299,0.7897832989692688,1
DescribableTextures,27,7,0.10638298094272614,0.0024993671104311943,0.0021583617199212313,0.008677849546074867,0.04150199145078659,0.043290961533784866,1
DescribableTextures,27,8,0.10638298094272614,0.0021583617199212313,0.0021583617199212313,0.021694261580705643,0.10375324636697769,0.2839376628398895,1
DescribableTextures,27,9,0.042553190141916275,0.00043838241253979504,0.00043838241253979504,0.02190205827355385,0.04189881309866905,-0.17144547402858734,1
DescribableTextures,28,0,0.10638298094272614,0.0017378870397806168,0.0017378870397806168,0.013455009087920189,0.04652409255504608,-0.020413687452673912,1
DescribableTextures,28,1,0.10638298094272614,0.0018221562495455146,0.0018221562495455146,0.04817015677690506,0.16656047105789185,0.5913276076316833,1
DescribableTextures,28,2,0.10638298094272614,0.0019333127420395613,0.0018221563659608364,0.029801879078149796,0.10304751992225647,0.40422025322914124,1
DescribableTextures,28,3,0.10638298094272614,0.0008595549152232707,0.0008595549152232707,0.04394979029893875,0.15196749567985535,0.25230634212493896,1
DescribableTextures,28,4,0.10638298094272614,0.0029113146010786295,0.0018221563659608364,0.028164498507976532,0.09738586097955704,0.27810055017471313,1
DescribableTextures,28,5,0.10638298094272614,0.0007750605000182986,0.0007750605000182986,0.03774990886449814,0.13052983582019806,0.18485550582408905,1
DescribableTextures,28,6,0.10638298094272614,0.0026420147623866796,0.0018221561331301928,0.02453802525997162,0.08484641462564468,0.03685983270406723,1
DescribableTextures,28,7,0.10638298094272614,0.0017671830719336867,0.0017671830719336867,0.0031991058494895697,0.0110617158934474,-0.13963200151920319,1
DescribableTextures,28,8,0.10638298094272614,0.002472031395882368,0.0018221563659608364,0.050884850323200226,0.17594721913337708,0.657759964466095,1
DescribableTextures,28,9,0.042553190141916275,0.00017854815814644098,0.00017854815814644098,0.023229949176311493,0.03212936595082283,-0.14519308507442474,1
DescribableTextures,29,0,0.10638298094272614,0.002186303725466132,0.001804474857635796,0.0014479239471256733,0.004031239077448845,-0.14230069518089294,1
DescribableTextures,29,1,0.10638298094272614,0.001745024579577148,0.001745024579577148,0.016614757478237152,0.04625799134373665,0.08016178011894226,1
DescribableTextures,29,2,0.10638298094272614,0.0022723849397152662,0.0018044746248051524,0.045947883278131485,0.127925843000412,0.41549152135849,1
DescribableTextures,29,3,0.10638298094272614,0.0005851172609254718,0.0005851172609254718,0.04042188078165054,0.11254062503576279,0.10224123299121857,1
DescribableTextures,29,4,0.10638298094272614,0.0018044747412204742,0.0018044747412204742,0.05121435970067978,0.1425885111093521,0.4484723210334778,1
DescribableTextures,29,5,0.10638298094272614,0.001362139475531876,0.001362139475531876,0.007649469189345837,0.02129727602005005,-0.04647288843989372,1
DescribableTextures,29,6,0.10638298094272614,0.002591916127130389,0.0018044747412204742,0.07511191070079803,0.2091229110956192,0.7111973762512207,1
DescribableTextures,29,7,0.10638298094272614,0.001777499564923346,0.001777499564923346,0.05424903333187103,0.15103749930858612,0.5024510622024536,1
DescribableTextures,29,8,0.10638298094272614,0.002399356570094824,0.0018044746248051524,0.05042440816760063,0.14038915932178497,0.4209687113761902,1
DescribableTextures,29,9,0.042553190141916275,0.00017407069390174001,0.00017407069390174001,0.04023578390479088,0.044808998703956604,0.12796910107135773,1
DescribableTextures,30,0,0.10638298094272614,0.0009539203601889312,0.0009539203601889312,0.023908982053399086,0.058264266699552536,0.06693609803915024,1
DescribableTextures,30,1,0.10638298094272614,0.0014229940716177225,0.0014229940716177225,0.029532775282859802,0.07196899503469467,0.06879901885986328,1
DescribableTextures,30,2,0.10638298094272614,0.003308679908514023,0.0022999730426818132,0.028942011296749115,0.07052935659885406,0.19377586245536804,1
DescribableTextures,30,3,0.10638298094272614,0.0012540208408609033,0.0012540208408609033,0.03863123804330826,0.09414122253656387,0.2020542174577713,1
DescribableTextures,30,4,0.10638298094272614,0.0022999730426818132,0.0022999730426818132,0.06428641080856323,0.15666081011295319,0.5989318490028381,1
DescribableTextures,30,5,0.10638298094272614,0.0011212005047127604,0.0011212005047127604,0.04238049313426018,0.10327785462141037,0.22924910485744476,1
DescribableTextures,30,6,0.10638298094272614,0.0029272669926285744,0.0022999730426818132,0.05649859458208084,0.13768252730369568,0.5543145537376404,1
DescribableTextures,30,7,0.10638298094272614,0.003209735034033656,0.0022999730426818132,0.04151556268334389,0.10117008537054062,0.4088277518749237,1
DescribableTextures,30,8,0.10638298094272614,0.003018998773768544,0.0022999730426818132,0.06090228259563446,0.14841395616531372,0.5505619049072266,1
DescribableTextures,30,9,0.042553190141916275,0.00012379720283206552,0.00012379720283206552,0.0593893900513649,0.057890865951776505,0.17480094730854034,1
DescribableTextures,31,0,0.10638298094272614,0.001188554335385561,0.001188554335385561,0.029711144044995308,0.05685411021113396,0.16572360694408417,1
DescribableTextures,31,1,0.10638298094272614,0.001017434406094253,0.001017434406094253,0.07348805665969849,0.14062394201755524,0.4741814136505127,1
DescribableTextures,31,2,0.10638298094272614,0.0030388894956558943,0.0012717145727947354,0.11155082285404205,0.21345940232276917,0.7335534691810608,1
DescribableTextures,31,3,0.10638298094272614,0.0011821857187896967,0.0011821857187896967,0.03500588983297348,0.06698593497276306,0.22903922200202942,1
DescribableTextures,31,4,0.10638298094272614,0.0032838655170053244,0.0012717146892100573,0.01709144376218319,0.032705534249544144,0.005768293980509043,1
DescribableTextures,31,5,0.10638298094272614,0.001011710031889379,0.001011710031889379,0.027603909373283386,0.05282178893685341,0.10085461288690567,1
DescribableTextures,31,6,0.10638298094272614,0.0012717145727947354,0.0012717145727947354,0.09300366789102554,0.17796827852725983,0.6434808969497681,1
DescribableTextures,31,7,0.10638298094272614,0.0019296734826639295,0.0012717145727947354,0.05469514802098274,0.10466255247592926,0.347703754901886,1
DescribableTextures,31,8,0.10638298094272614,0.004225411918014288,0.0012717145727947354,0.07347915321588516,0.14060690999031067,0.526121973991394,1
DescribableTextures,31,9,0.042553190141916275,0.00017912601470015943,0.00017912601470015943,0.01739100180566311,0.013311502523720264,-0.15211200714111328,1
DescribableTextures,32,0,0.10638298094272614,0.001480040024034679,0.001480040024034679,0.03482384607195854,0.06842458248138428,0.004304858390241861,1
DescribableTextures,32,1,0.10638298094272614,0.0009823112050071359,0.0009823112050071359,0.02458391897380352,0.04830438271164894,0.02000363916158676,1
DescribableTextures,32,2,0.10638298094272614,0.002364479936659336,0.0015805322909727693,0.052076175808906555,0.10232329368591309,0.4968354105949402,1
DescribableTextures,32,3,0.10638298094272614,0.0006743250414729118,0.0006743250414729118,0.05821215733885765,0.11437974125146866,0.11690061539411545,1
DescribableTextures,32,4,0.10638298094272614,0.0031143920496106148,0.0015805322909727693,0.03308435156941414,0.06500668823719025,0.2124198079109192,1
DescribableTextures,32,5,0.10638298094272614,0.0005234150448814034,0.0005234150448814034,0.0830639898777008,0.16321054100990295,0.36123812198638916,1
DescribableTextures,32,6,0.10638298094272614,0.001580532407388091,0.001580532407388091,0.08368588984012604,0.16443251073360443,0.6488567590713501,1
DescribableTextures,32,7,0.10638298094272614,0.001812987495213747,0.0015805322909727693,0.027542665600776672,0.05411795899271965,0.13187839090824127,1
DescribableTextures,32,8,0.10638298094272614,0.002878012368455529,0.0015805322909727693,0.07744193077087402,0.15216389298439026,0.6559396386146545,1
DescribableTextures,32,9,0.042553190141916275,8.446849096799269e-05,8.446849096799269e-05,0.08605678379535675,0.0676364004611969,0.07862593233585358,1
DescribableTextures,33,0,0.10638298094272614,0.0011225437046959996,0.0011225437046959996,0.03396227955818176,0.10321353375911713,0.26797816157341003,1
DescribableTextures,33,1,0.10638298094272614,0.0018197071040049195,0.0014073032652959228,0.019634220749139786,0.059669651091098785,0.1804773211479187,1
DescribableTextures,33,2,0.10638298094272614,0.001851452048867941,0.0014073032652959228,0.022821864113211632,0.06935709714889526,0.2703079581260681,1
DescribableTextures,33,3,0.10638298094272614,0.000595088757108897,0.000595088757108897,0.038680415600538254,0.117552250623703,0.22116659581661224,1
DescribableTextures,33,4,0.10638298094272614,0.0014961889246478677,0.001407303148880601,0.05112401396036148,0.1553691327571869,0.6221693158149719,1
DescribableTextures,33,5,0.10638298094272614,0.000499814108479768,0.000499814108479768,0.038879700005054474,0.11815789341926575,0.23362691700458527,1
DescribableTextures,33,6,0.10638298094272614,0.0014073032652959228,0.0014073032652959228,0.04934295266866684,0.1499563753604889,0.6066344380378723,1
DescribableTextures,33,7,0.10638298094272614,0.0012251845328137279,0.0012251845328137279,0.032564133405685425,0.09896448254585266,0.30752798914909363,1
DescribableTextures,33,8,0.10638298094272614,0.0028629431035369635,0.0014073032652959228,0.021944820880889893,0.06669171154499054,0.20772358775138855,1
DescribableTextures,33,9,0.042553190141916275,0.00011333350994391367,0.00011333350994391367,0.05023576319217682,0.06106787174940109,0.09513664245605469,1
DescribableTextures,34,0,0.10638298094272614,0.0018963837064802647,0.0014188193017616868,0.03993460536003113,0.09820721298456192,0.3663126230239868,1
DescribableTextures,34,1,0.10638298094272614,0.0014188193017616868,0.0014188193017616868,0.023834213614463806,0.058613114058971405,0.13721822202205658,1
DescribableTextures,34,2,0.10638298094272614,0.0018634352600201964,0.0014188193017616868,0.05904817208647728,0.14521130919456482,0.5604702234268188,1
DescribableTextures,34,3,0.10638298094272614,0.0008044049027375877,0.0008044049027375877,0.06369727104902267,0.15664437413215637,0.4619929790496826,1
DescribableTextures,34,4,0.10638298094272614,0.0026220260187983513,0.0014188193017616868,0.03727295622229576,0.09166168421506882,0.3267408609390259,1
DescribableTextures,34,5,0.10638298094272614,0.0004092782037332654,0.0004092782037332654,0.05474352464079857,0.13462531566619873,0.2895110547542572,1
DescribableTextures,34,6,0.10638298094272614,0.0013770690420642495,0.0013770690420642495,0.036688219755887985,0.09022369980812073,0.30656376481056213,1
DescribableTextures,34,7,0.10638298094272614,0.0012402725405991077,0.0012402725405991077,0.05721772834658623,0.14070987701416016,0.5113261938095093,1
DescribableTextures,34,8,0.10638298094272614,0.0033338989596813917,0.0014188194181770086,0.01904875412583351,0.04684470593929291,0.029380762949585915,1
DescribableTextures,34,9,0.042553190141916275,0.0003331508196424693,0.0003331508196424693,0.03787688910961151,0.03725874796509743,0.020329821854829788,1
DescribableTextures,35,0,0.10638298094272614,0.00282669416628778,0.0018202305072918534,0.035804715007543564,0.08792272210121155,0.37214767932891846,1
DescribableTextures,35,1,0.10638298094272614,0.0018202305072918534,0.0018202305072918534,0.015720795840024948,0.03860427811741829,0.03080035373568535,1
DescribableTextures,35,2,0.10638298094272614,0.0014170228969305754,0.0014170228969305754,0.05956596881151199,0.14627130329608917,0.4052005410194397,1
DescribableTextures,35,3,0.10638298094272614,0.000492414110340178,0.000492414110340178,0.057614244520664215,0.14147861301898956,0.29999032616615295,1
DescribableTextures,35,4,0.10638298094272614,0.002835619729012251,0.0018202303908765316,0.05368097871541977,0.13182000815868378,0.48423832654953003,1
DescribableTextures,35,5,0.10638298094272614,0.001256224000826478,0.001256224000826478,0.05223416909575462,0.12826719880104065,0.4299966096878052,1
DescribableTextures,35,6,0.10638298094272614,0.0017495909705758095,0.0017495909705758095,0.04305686056613922,0.10573123395442963,0.4359320104122162,1
DescribableTextures,35,7,0.10638298094272614,0.002160589676350355,0.0018202305072918534,0.03970988467335701,0.09751233458518982,0.30842310190200806,1
DescribableTextures,35,8,0.10638298094272614,0.005588051397353411,0.0018202303908765316,0.02258298546075821,0.055455200374126434,0.13845913112163544,1
DescribableTextures,35,9,0.042553190141916275,0.0002970755740534514,0.0002970755740534514,0.06814690679311752,0.06693711876869202,0.20137418806552887,1
DescribableTextures,36,0,0.10638298094272614,0.0027156753931194544,0.0015631329733878374,0.06844702363014221,0.19867999851703644,0.735374927520752,1
DescribableTextures,36,1,0.10638298094272614,0.0010492410510778427,0.0010492410510778427,0.030007783323526382,0.08710307627916336,0.1622011661529541,1
DescribableTextures,36,2,0.10638298094272614,0.000951291061937809,0.000951291061937809,0.003462305525317788,0.010049974545836449,-0.2587360143661499,1
DescribableTextures,36,3,0.10638298094272614,0.0007159619708545506,0.0007159619708545506,0.030840039253234863,0.08951884508132935,0.18579457700252533,1
DescribableTextures,36,4,0.10638298094272614,0.0024656907189637423,0.0015631330898031592,0.0710226371884346,0.2061561793088913,0.7011378407478333,1
DescribableTextures,36,5,0.10638298094272614,0.0013797759311273694,0.0013797759311273694,0.05995478481054306,0.17402972280979156,0.544370710849762,1
DescribableTextures,36,6,0.10638298094272614,0.0028990742284804583,0.0015631329733878374,0.026282474398612976,0.07628968358039856,0.08734188973903656,1
DescribableTextures,36,7,0.10638298094272614,0.0015631329733878374,0.0015631329733878374,0.011305651627480984,0.03281671926379204,-0.05006793513894081,1
DescribableTextures,36,8,0.10638298094272614,0.002521099988371134,0.0015631329733878374,0.02570309303700924,0.07460792362689972,0.17944292724132538,1
DescribableTextures,36,9,0.042553190141916275,0.0006001042784191668,0.0006001042784191668,0.04370778426527977,0.05074793100357056,-0.02239871583878994,1
DescribableTextures,37,0,0.10638298094272614,0.003058025846257806,0.0015159695176407695,0.03626260906457901,0.08019264042377472,0.29056522250175476,1
DescribableTextures,37,1,0.10638298094272614,0.0014573594089597464,0.0014573594089597464,0.0494706928730011,0.10940153896808624,0.4316225051879883,1
DescribableTextures,37,2,0.10638298094272614,0.0021246974356472492,0.0015159692848101258,0.04824798181653023,0.10669758915901184,0.3170084059238434,1
DescribableTextures,37,3,0.10638298094272614,0.00047618630924262106,0.00047618630924262106,0.034839846193790436,0.07704628258943558,0.14194951951503754,1
DescribableTextures,37,4,0.10638298094272614,0.0022788825444877148,0.0015159694012254477,0.09758228063583374,0.2157975137233734,0.750393807888031,1
DescribableTextures,37,5,0.10638298094272614,0.0014982335269451141,0.0014982335269451141,0.045057348906993866,0.09964169561862946,0.3316769599914551,1
DescribableTextures,37,6,0.10638298094272614,0.0015159694012254477,0.0015159694012254477,0.06642702966928482,0.1468994915485382,0.4853404760360718,1
DescribableTextures,37,7,0.10638298094272614,0.0011851767776533961,0.0011851767776533961,0.046873196959495544,0.10365734249353409,0.3591199517250061,1
DescribableTextures,37,8,0.10638298094272614,0.004399800673127174,0.0015159694012254477,0.006009375676512718,0.013289383612573147,-0.10376313328742981,1
DescribableTextures,37,9,0.042553190141916275,0.0007021655910648406,0.0007021655910648406,0.053558431565761566,0.04737653210759163,0.04780086129903793,1
DescribableTextures,38,0,0.10638298094272614,0.0019101680954918265,0.0019030157709494233,0.03832592815160751,0.08180898427963257,0.24834690988063812,1
DescribableTextures,38,1,0.10638298094272614,0.0011787039693444967,0.0011787039693444967,0.07266080379486084,0.1550988256931305,0.5226764678955078,1
DescribableTextures,38,2,0.10638298094272614,0.0021925850305706263,0.0019030157709494233,0.04848846048116684,0.10350151360034943,0.38757652044296265,1
DescribableTextures,38,3,0.10638298094272614,0.0006406721076928079,0.0006406721076928079,0.038141798228025436,0.08141595125198364,0.09895073622465134,1
DescribableTextures,38,4,0.10638298094272614,0.0023217315319925547,0.0019030157709494233,0.052626535296440125,0.1123344898223877,0.45015138387680054,1
DescribableTextures,38,5,0.10638298094272614,0.0016406859504058957,0.0016406859504058957,0.05100865289568901,0.10888101160526276,0.39800792932510376,1
DescribableTextures,38,6,0.10638298094272614,0.0019030158873647451,0.0019030158873647451,0.06063732132315636,0.12943397462368011,0.5391189455986023,1
DescribableTextures,38,7,0.10638298094272614,0.00148165097925812,0.00148165097925812,0.0415802001953125,0.08875542134046555,0.14488762617111206,1
DescribableTextures,38,8,0.10638298094272614,0.0033548169303685427,0.0019030157709494233,0.04125835746526718,0.08806842565536499,0.34276244044303894,1
DescribableTextures,38,9,0.042553190141916275,0.0001738106511766091,0.0001738106511766091,0.05938155949115753,0.05070139467716217,0.16809919476509094,1
DescribableTextures,39,0,0.10638298094272614,0.0011967397294938564,0.0011967397294938564,0.049521252512931824,0.10077013075351715,0.39712971448898315,1
DescribableTextures,39,1,0.10638298094272614,0.0011413939064368606,0.0011413939064368606,0.023244325071573257,0.047299567610025406,0.13638412952423096,1
DescribableTextures,39,2,0.10638298094272614,0.0020296566653996706,0.0011967396130785346,0.028559133410453796,0.05811459571123123,0.044818196445703506,1
DescribableTextures,39,3,0.10638298094272614,0.0007491947617381811,0.0007491947617381811,0.07650469243526459,0.1556783765554428,0.4584779143333435,1
DescribableTextures,39,4,0.10638298094272614,0.002112296409904957,0.0011967397294938564,0.03265397250652313,0.06644713133573532,0.19855909049510956,1
DescribableTextures,39,5,0.10638298094272614,0.0006282999529503286,0.0006282999529503286,0.07464571297168732,0.15189556777477264,0.42945531010627747,1
DescribableTextures,39,6,0.10638298094272614,0.001031792489811778,0.001031792489811778,0.06252887099981308,0.1272391676902771,0.4500178396701813,1
DescribableTextures,39,7,0.10638298094272614,0.001686569070443511,0.0011967397294938564,0.07987060397863388,0.16252762079238892,0.6433095932006836,1
DescribableTextures,39,8,0.10638298094272614,0.0018676695181056857,0.0011967397294938564,0.0538923554122448,0.10966482758522034,0.4407329857349396,1
DescribableTextures,39,9,0.042553190141916275,0.00020732929988298565,0.00020732929988298565,0.025017350912094116,0.020362988114356995,-0.04332907497882843,1
DescribableTextures,40,0,0.10638298094272614,0.0009425752214156091,0.0009425752214156091,0.02284906432032585,0.07399844378232956,0.17404595017433167,1
DescribableTextures,40,1,0.10638298094272614,0.0010893989820033312,0.0010893989820033312,0.024415990337729454,0.07907304912805557,0.12298306822776794,1
DescribableTextures,40,2,0.10638298094272614,0.002902850741520524,0.0011872367467731237,0.00672162976115942,0.021768512204289436,-0.011943921446800232,1
DescribableTextures,40,3,0.10638298094272614,0.0010989722795784473,0.0010989722795784473,0.07089346647262573,0.2295939028263092,0.7232723236083984,1
DescribableTextures,40,4,0.10638298094272614,0.0031287067104130983,0.0011872367467731237,0.041374024003744125,0.13399294018745422,0.3303880989551544,1
DescribableTextures,40,5,0.10638298094272614,0.0010759896831586957,0.0010759896831586957,0.03858572244644165,0.12496281415224075,0.3601163327693939,1
DescribableTextures,40,6,0.10638298094272614,0.0018450781935825944,0.0011872367467731237,0.025227662175893784,0.08170171082019806,0.2760700583457947,1
DescribableTextures,40,7,0.10638298094272614,0.0011872367467731237,0.0011872367467731237,0.03870118409395218,0.12533675134181976,0.45528489351272583,1
DescribableTextures,40,8,0.10638298094272614,0.0024000101257115602,0.0011872367467731237,0.03796715289354324,0.12295953184366226,0.3890523910522461,1
DescribableTextures,40,9,0.042553190141916275,0.00013488541299011558,0.00013488541299011558,0.005104356911033392,0.006612339988350868,-0.04142884165048599,1
DescribableTextures,41,0,0.10638298094272614,0.0007048728875815868,0.0007048728875815868,0.03646387904882431,0.07495199143886566,-0.011192383244633675,1
DescribableTextures,41,1,0.10638298094272614,0.0018014245433732867,0.0018014245433732867,0.04735880345106125,0.09734665602445602,0.4054189622402191,1
DescribableTextures,41,2,0.10638298094272614,0.0022700121626257896,0.0019692080095410347,0.024918299168348312,0.05121989920735359,0.1053614541888237,1
DescribableTextures,41,3,0.10638298094272614,0.0010498912306502461,0.0010498912306502461,0.07099836319684982,0.14593808352947235,0.4228442311286926,1
DescribableTextures,41,4,0.10638298094272614,0.0032319421879947186,0.0019692080095410347,0.058925896883010864,0.12112297117710114,0.45438486337661743,1
DescribableTextures,41,5,0.10638298094272614,0.0011226541828364134,0.0011226541828364134,0.02675734832882881,0.05500008910894394,0.07456603646278381,1
DescribableTextures,41,6,0.10638298094272614,0.0019692080095410347,0.0019692080095410347,0.09161409735679626,0.18831400573253632,0.729809045791626,1
DescribableTextures,41,7,0.10638298094272614,0.0022529480047523975,0.0019692080095410347,0.03738437965512276,0.07684409618377686,0.21861496567726135,1
DescribableTextures,41,8,0.10638298094272614,0.002808176912367344,0.0019692080095410347,0.06917499005794525,0.1421901285648346,0.5311415195465088,1
DescribableTextures,41,9,0.042553190141916275,0.0002816794440150261,0.0002816794440150261,0.05725095421075821,0.04707203805446625,0.14374971389770508,1
DescribableTextures,42,0,0.10638298094272614,0.0008888699230737984,0.0008888699230737984,0.018978726118803024,0.045445848256349564,-0.13609342277050018,1
DescribableTextures,42,1,0.10638298094272614,0.0017260925378650427,0.0017260925378650427,0.06442201137542725,0.15426287055015564,0.629190981388092,1
DescribableTextures,42,2,0.10638298094272614,0.0027310193981975317,0.0017260925378650427,0.04060938581824303,0.09724192321300507,0.3694942593574524,1
DescribableTextures,42,3,0.10638298094272614,0.0006509730010293424,0.0006509730010293424,0.07430918514728546,0.17793838679790497,0.4585757553577423,1
DescribableTextures,42,4,0.10638298094272614,0.0023572787176817656,0.0017260926542803645,0.04521235451102257,0.10826405137777328,0.4068198800086975,1
DescribableTextures,42,5,0.10638298094272614,0.0005209685768932104,0.0005209685768932104,0.043425023555755615,0.10398416221141815,0.11190829426050186,1
DescribableTextures,42,6,0.10638298094272614,0.0015088673681020737,0.0015088673681020737,0.06812092661857605,0.16312018036842346,0.6532765626907349,1
DescribableTextures,42,7,0.10638298094272614,0.00198990385979414,0.0017260924214497209,0.010795142501592636,0.02584969997406006,0.007643147837370634,1
DescribableTextures,42,8,0.10638298094272614,0.002177650574594736,0.0017260925378650427,0.030516281723976135,0.07307330518960953,0.20433621108531952,1
DescribableTextures,42,9,0.042553190141916275,0.0007007591193541884,0.0007007591193541884,0.053057149052619934,0.050819575786590576,0.0824509710073471,1
DescribableTextures,43,0,0.10638298094272614,0.0013490539276972413,0.0013490539276972413,0.06016677990555763,0.14626015722751617,0.3125331699848175,1
DescribableTextures,43,1,0.10638298094272614,0.0020626643672585487,0.0020626643672585487,0.03517643362283707,0.08551081269979477,0.2950053811073303,1
DescribableTextures,43,2,0.10638298094272614,0.0030110811349004507,0.002062664134427905,0.03978400677442551,0.0967114269733429,0.3470209836959839,1
DescribableTextures,43,3,0.10638298094272614,0.0018125330097973347,0.0018125330097973347,0.052655477076768875,0.12800084054470062,0.4802553057670593,1
DescribableTextures,43,4,0.10638298094272614,0.002753246109932661,0.0020626643672585487,0.0246908999979496,0.060021404176950455,0.16460764408111572,1
DescribableTextures,43,5,0.10638298094272614,0.0005306299426592886,0.0005306299426592886,0.04360522702336311,0.10600046813488007,0.16566409170627594,1
DescribableTextures,43,6,0.10638298094272614,0.0022402070462703705,0.0020626646000891924,0.012653928250074387,0.030760586261749268,-0.11939869821071625,1
DescribableTextures,43,7,0.10638298094272614,0.0018110821256414056,0.0018110821256414056,0.048075757920742035,0.11686794459819794,0.4461835026741028,1
DescribableTextures,43,8,0.10638298094272614,0.0021806727163493633,0.0020626643672585487,0.060249894857406616,0.14646220207214355,0.594785749912262,1
DescribableTextures,43,9,0.042553190141916275,0.0012372392229735851,0.0012372392229735851,0.08577460050582886,0.08340419828891754,0.3782992660999298,1
DescribableTextures,44,0,0.10638298094272614,0.0008095408556982875,0.0008095408556982875,0.006267222110182047,0.011707200668752193,-0.14660592377185822,1
DescribableTextures,44,1,0.10638298094272614,0.0012340151006355882,0.0012340151006355882,0.035918839275836945,0.06709656119346619,0.21620695292949677,1
DescribableTextures,44,2,0.10638298094272614,0.002212537219747901,0.0012340151006355882,0.09196971356868744,0.17179985344409943,0.6588975787162781,1
DescribableTextures,44,3,0.10638298094272614,0.001846817322075367,0.0012340151006355882,0.10294283926486969,0.19229769706726074,0.7043076157569885,1
DescribableTextures,44,4,0.10638298094272614,0.0026355262380093336,0.0012340151006355882,0.0639437809586525,0.11944727599620819,0.43813467025756836,1
DescribableTextures,44,5,0.10638298094272614,0.0005061289994046092,0.0005061289994046092,0.08820243179798126,0.16476255655288696,0.4165806472301483,1
DescribableTextures,44,6,0.10638298094272614,0.0024424924049526453,0.0012340151006355882,0.0626191794872284,0.116972915828228,0.4556003510951996,1
DescribableTextures,44,7,0.10638298094272614,0.0008529254118911922,0.0008529254118911922,0.04188211262226105,0.07823598384857178,0.16071024537086487,1
DescribableTextures,44,8,0.10638298094272614,0.0010480060009285808,0.0010480060009285808,0.02183748409152031,0.040792521089315414,0.11183489114046097,1
DescribableTextures,44,9,0.042553190141916275,0.0011667810613289475,0.0011667810613289475,0.04936739802360535,0.036887411028146744,0.0325225405395031,1
DescribableTextures,45,0,0.10638298094272614,0.000997442053630948,0.000997442053630948,0.049030836671590805,0.0971585214138031,0.27246153354644775,1
DescribableTextures,45,1,0.10638298094272614,0.0011640206212177873,0.0011640206212177873,0.03392618149518967,0.06722743809223175,0.2277074158191681,1
DescribableTextures,45,2,0.10638298094272614,0.0017855754122138023,0.0015061106532812119,0.05375044420361519,0.10651080310344696,0.4039698541164398,1
DescribableTextures,45,3,0.10638298094272614,0.0005166020710021257,0.0005166020710021257,0.09956787526607513,0.1973017007112503,0.5056126117706299,1
DescribableTextures,45,4,0.10638298094272614,0.0015567687805742025,0.0015061106532812119,0.02608737349510193,0.05169421434402466,0.13460344076156616,1
DescribableTextures,45,5,0.10638298094272614,0.0009699618094600737,0.0009699618094600737,0.07125034183263779,0.14118824899196625,0.43693414330482483,1
DescribableTextures,45,6,0.10638298094272614,0.0019582018721848726,0.00150611053686589,0.0297683272510767,0.05898831784725189,0.11193299293518066,1
DescribableTextures,45,7,0.10638298094272614,0.0015061106532812119,0.0015061106532812119,0.05896924436092377,0.11685226857662201,0.5273483991622925,1
DescribableTextures,45,8,0.10638298094272614,0.0017811779398471117,0.0015061106532812119,0.07348604500293732,0.1456184685230255,0.6122605800628662,1
DescribableTextures,45,9,0.042553190141916275,0.0002966791798826307,0.0002966791798826307,0.022027943283319473,0.0174600500613451,-0.09375946968793869,1
DescribableTextures,46,0,0.10638298094272614,0.0007245665765367448,0.0007245665765367448,0.02435331419110298,0.04824943467974663,0.07157070189714432,1
DescribableTextures,46,1,0.10638298094272614,0.0006275004707276821,0.0006275004707276821,0.047851867973804474,0.09480540454387665,0.16238324344158173,1
DescribableTextures,46,2,0.10638298094272614,0.0019375837873667479,0.001075349748134613,0.07432910799980164,0.1472628265619278,0.5654990077018738,1
DescribableTextures,46,3,0.10638298094272614,0.0008744673687033355,0.0008744673687033355,0.0709943175315857,0.14065583050251007,0.47460272908210754,1
DescribableTextures,46,4,0.10638298094272614,0.0016444193897768855,0.0010753498645499349,0.045982323586940765,0.09110140055418015,0.31674274802207947,1
DescribableTextures,46,5,0.10638298094272614,0.0009238655911758542,0.0009238655911758542,0.08540167659521103,0.1692000776529312,0.6033446192741394,1
DescribableTextures,46,6,0.10638298094272614,0.0023146052844822407,0.001075349748134613,0.029438326135277748,0.05832400172948837,0.18745994567871094,1
DescribableTextures,46,7,0.10638298094272614,0.0016226539155468345,0.001075349748134613,0.048985064029693604,0.09705051779747009,0.3824591040611267,1
DescribableTextures,46,8,0.10638298094272614,0.001075349748134613,0.001075349748134613,0.06759019196033478,0.13391149044036865,0.49724775552749634,1
DescribableTextures,46,9,0.042553190141916275,0.0003791296330746263,0.0003791296330746263,0.0245289858430624,0.01943899318575859,-0.11715178936719894,1
DescribableTextures,47,0,0.10638298094272614,0.0007171886973083019,0.0007171886973083019,0.018923716619610786,0.0445755310356617,-0.07495342195034027,1
DescribableTextures,47,1,0.10638298094272614,0.001535946736112237,0.001387616153806448,0.0700487345457077,0.1650024652481079,0.5939993262290955,1
DescribableTextures,47,2,0.10638298094272614,0.0024289328139275312,0.0013876160373911262,0.050484806299209595,0.11891887336969376,0.429336816072464,1
DescribableTextures,47,3,0.10638298094272614,0.0015421250136569142,0.001387616153806448,0.07813538610935211,0.18405087292194366,0.6827850341796875,1
DescribableTextures,47,4,0.10638298094272614,0.001387616153806448,0.001387616153806448,0.01720200479030609,0.04051997512578964,0.08861012011766434,1
DescribableTextures,47,5,0.10638298094272614,0.0006378996185958385,0.0006378996185958385,0.02972150593996048,0.07001014053821564,0.04617413878440857,1
DescribableTextures,47,6,0.10638298094272614,0.0024692758452147245,0.001387616153806448,0.04288234934210777,0.1010110080242157,0.18823012709617615,1
DescribableTextures,47,7,0.10638298094272614,0.000827391108032316,0.000827391108032316,0.04125554859638214,0.09717901051044464,0.08053518831729889,1
DescribableTextures,47,8,0.10638298094272614,0.0010785842314362526,0.0010785842314362526,0.06282134354114532,0.1479780673980713,0.5442182421684265,1
DescribableTextures,47,9,0.042553190141916275,0.00042047491297125816,0.00042047491297125816,0.03264015167951584,0.03075404465198517,0.06419597566127777,1
DescribableTextures,48,0,0.10638298094272614,0.0012172367423772812,0.0012172367423772812,0.018699605017900467,0.05365283042192459,0.08485130220651627,1
DescribableTextures,48,1,0.10638298094272614,0.0011667573126032948,0.0011667573126032948,0.02278986945748329,0.06538860499858856,0.050255220383405685,1
DescribableTextures,48,2,0.10638298094272614,0.0028628394939005375,0.0014700116589665413,0.05183299630880356,0.14871902763843536,0.5298301577568054,1
DescribableTextures,48,3,0.10638298094272614,0.002065565437078476,0.0014700117753818631,0.05040615424513817,0.14462514221668243,0.4596807360649109,1
DescribableTextures,48,4,0.10638298094272614,0.0015976005233824253,0.001470011891797185,0.05099041759967804,0.1463014930486679,0.47547340393066406,1
DescribableTextures,48,5,0.10638298094272614,0.001377498614601791,0.001377498614601791,0.04458778351545334,0.12793108820915222,0.39812687039375305,1
DescribableTextures,48,6,0.10638298094272614,0.002848861739039421,0.0014700117753818631,0.009014321491122246,0.025863854214549065,-0.05280585214495659,1
DescribableTextures,48,7,0.10638298094272614,0.0014700117753818631,0.0014700117753818631,0.050681568682193756,0.14541535079479218,0.526469349861145,1
DescribableTextures,48,8,0.10638298094272614,0.0011857036733999848,0.0011857036733999848,0.030483484268188477,0.08746308833360672,0.18851612508296967,1
DescribableTextures,48,9,0.042553190141916275,0.0009512040996924043,0.0009512040996924043,0.04760875552892685,0.0546395368874073,0.18379616737365723,1
DescribableTextures,49,0,0.10638298094272614,0.00076486193574965,0.00076486193574965,0.030220312997698784,0.08484688401222229,0.1730855405330658,1
DescribableTextures,49,1,0.10638298094272614,0.0014884085394442081,0.0013185807038098574,0.022169755771756172,0.062244053930044174,0.19276735186576843,1
DescribableTextures,49,2,0.10638298094272614,0.0016544132959097624,0.0013185807038098574,0.0343833863735199,0.09653517603874207,0.3207587003707886,1
DescribableTextures,49,3,0.10638298094272614,0.0005697132437489927,0.0005697132437489927,0.04245363548398018,0.11919330060482025,0.18121947348117828,1
DescribableTextures,49,4,0.10638298094272614,0.0019233935745432973,0.0013185807038098574,0.03461039066314697,0.09717251360416412,0.3123956024646759,1
DescribableTextures,49,5,0.10638298094272614,0.0007838799501769245,0.0007838799501769245,0.036961447447538376,0.10377337038516998,0.2021622508764267,1
DescribableTextures,49,6,0.10638298094272614,0.0016560645308345556,0.0013185808202251792,0.08059296011924744,0.22627368569374084,0.7876198887825012,1
DescribableTextures,49,7,0.10638298094272614,0.0010059629566967487,0.0010059629566967487,0.018303463235497475,0.05138900503516197,0.024022653698921204,1
DescribableTextures,49,8,0.10638298094272614,0.0013185807038098574,0.0013185807038098574,0.0442994125187397,0.12437552213668823,0.49016910791397095,1
DescribableTextures,49,9,0.042553190141916275,0.0006858216947875917,0.0006858216947875917,0.03044987842440605,0.03419656306505203,0.03652523085474968,1
